Entity,Code,Year,Mobile cellular subscriptions (per 100 people)
Afghanistan,AFG,1980,0
Afghanistan,AFG,1981,0
Afghanistan,AFG,1982,0
Afghanistan,AFG,1983,0
Afghanistan,AFG,1984,0
Afghanistan,AFG,1985,0
Afghanistan,AFG,1986,0
Afghanistan,AFG,1987,0
Afghanistan,AFG,1988,0
Afghanistan,AFG,1989,0
Afghanistan,AFG,1990,0
Afghanistan,AFG,1991,0
Afghanistan,AFG,1992,0
Afghanistan,AFG,1993,0
Afghanistan,AFG,1994,0
Afghanistan,AFG,1995,0
Afghanistan,AFG,1996,0
Afghanistan,AFG,1997,0
Afghanistan,AFG,1998,0
Afghanistan,AFG,1999,0
Afghanistan,AFG,2000,0
Afghanistan,AFG,2001,0
Afghanistan,AFG,2002,0.116942
Afghanistan,AFG,2003,0.879776
Afghanistan,AFG,2004,2.54662
Afghanistan,AFG,2005,4.91711
Afghanistan,AFG,2006,9.9133
Afghanistan,AFG,2007,18.0167
Afghanistan,AFG,2008,29.8268
Afghanistan,AFG,2009,38.2289
Afghanistan,AFG,2010,36.1187
Afghanistan,AFG,2011,47.0152
Afghanistan,AFG,2012,50.1967
Afghanistan,AFG,2013,53.149
Afghanistan,AFG,2014,56.1322
Afghanistan,AFG,2015,58.256
Afghanistan,AFG,2016,62.2553
Afghanistan,AFG,2017,67.0508
Afghanistan,AFG,2018,59.8109
Afghanistan,AFG,2019,59.6471
Afghanistan,AFG,2020,58.0461
Afghanistan,AFG,2021,56.6945
Afghanistan,AFG,2022,56.2655
Afghanistan,AFG,2023,55.5475
Albania,ALB,1980,0
Albania,ALB,1981,0
Albania,ALB,1982,0
Albania,ALB,1983,0
Albania,ALB,1984,0
Albania,ALB,1985,0
Albania,ALB,1986,0
Albania,ALB,1987,0
Albania,ALB,1988,0
Albania,ALB,1989,0
Albania,ALB,1990,0
Albania,ALB,1991,0
Albania,ALB,1992,0
Albania,ALB,1993,0
Albania,ALB,1994,0
Albania,ALB,1995,0
Albania,ALB,1996,0.07030778
Albania,ALB,1997,0.1014224
Albania,ALB,1998,0.17325795
Albania,ALB,1999,0.34311435
Albania,ALB,2000,0.940923
Albania,ALB,2001,12.4732
Albania,ALB,2002,27.153
Albania,ALB,2003,35.278
Albania,ALB,2004,40.6495
Albania,ALB,2005,49.7453
Albania,ALB,2006,62.6026
Albania,ALB,2007,76.8284
Albania,ALB,2008,62.1342
Albania,ALB,2009,83.1929
Albania,ALB,2010,91.9299
Albania,ALB,2011,106.474
Albania,ALB,2012,120.275
Albania,ALB,2013,126.772
Albania,ALB,2014,115.701
Albania,ALB,2015,117.33
Albania,ALB,2016,116.284
Albania,ALB,2017,125.1
Albania,ALB,2018,93.8031
Albania,ALB,2019,91.1635
Albania,ALB,2020,91.1881
Albania,ALB,2021,92.4843
Albania,ALB,2022,98.395
Albania,ALB,2023,92.9973
Algeria,DZA,1980,0
Algeria,DZA,1981,0
Algeria,DZA,1982,0
Algeria,DZA,1983,0
Algeria,DZA,1984,0
Algeria,DZA,1985,0
Algeria,DZA,1986,0
Algeria,DZA,1987,0
Algeria,DZA,1988,0
Algeria,DZA,1989,0
Algeria,DZA,1990,0.001841832
Algeria,DZA,1991,0.018294243
Algeria,DZA,1992,0.01787403
Algeria,DZA,1993,0.01747804
Algeria,DZA,1994,0.004825141
Algeria,DZA,1995,0.016472353
Algeria,DZA,1996,0.040366217
Algeria,DZA,1997,0.059031013
Algeria,DZA,1998,0.060151044
Algeria,DZA,1999,0.2372629
Algeria,DZA,2000,0.278282
Algeria,DZA,2001,0.31917
Algeria,DZA,2002,1.41805
Algeria,DZA,2003,4.49694
Algeria,DZA,2004,14.9637
Algeria,DZA,2005,41.2614
Algeria,DZA,2006,62.4502
Algeria,DZA,2007,80.6177
Algeria,DZA,2008,77.6388
Algeria,DZA,2009,92.2215
Algeria,DZA,2010,90.5824
Algeria,DZA,2011,96.5113
Algeria,DZA,2012,99.6853
Algeria,DZA,2013,102.871
Algeria,DZA,2014,110.44
Algeria,DZA,2015,108.016
Algeria,DZA,2016,115.154
Algeria,DZA,2017,109.97
Algeria,DZA,2018,110.938
Algeria,DZA,2019,104.922
Algeria,DZA,2020,103.437
Algeria,DZA,2021,105.037
Algeria,DZA,2022,107.787
Algeria,DZA,2023,111.606
American Samoa,ASM,1980,0
American Samoa,ASM,1981,0
American Samoa,ASM,1982,0
American Samoa,ASM,1983,0
American Samoa,ASM,1984,0
American Samoa,ASM,1985,0
American Samoa,ASM,1986,0
American Samoa,ASM,1990,0
American Samoa,ASM,1991,0
American Samoa,ASM,1992,1.3978194
American Samoa,ASM,1993,1.7587056
American Samoa,ASM,1994,2.2949817
American Samoa,ASM,1995,2.34078
American Samoa,ASM,1996,2.3853211
American Samoa,ASM,1997,2.5189824
American Samoa,ASM,1998,2.6500363
American Samoa,ASM,1999,3.1253254
American Samoa,ASM,2000,3.50365
American Samoa,ASM,2001,3.77894
American Samoa,ASM,2002,3.56805
American Samoa,ASM,2003,3.68609
American Samoa,ASM,2004,3.96001
Andorra,AND,1980,0
Andorra,AND,1981,0
Andorra,AND,1982,0
Andorra,AND,1983,0
Andorra,AND,1984,0
Andorra,AND,1985,0
Andorra,AND,1986,0
Andorra,AND,1987,0
Andorra,AND,1988,0
Andorra,AND,1989,0
Andorra,AND,1990,0
Andorra,AND,1991,0
Andorra,AND,1992,1.3442034
Andorra,AND,1993,1.3185476
Andorra,AND,1994,1.2844667
Andorra,AND,1995,4.4892573
Andorra,AND,1996,8.555349
Andorra,AND,1997,13.323645
Andorra,AND,1998,21.65649
Andorra,AND,1999,31.376133
Andorra,AND,2000,35.8423
Andorra,AND,2001,44.6896
Andorra,AND,2002,49.3038
Andorra,AND,2003,74.6812
Andorra,AND,2004,78.5281
Andorra,AND,2005,83.3882
Andorra,AND,2006,86.7048
Andorra,AND,2007,77.559
Andorra,AND,2008,76.8932
Andorra,AND,2009,76.9466
Andorra,AND,2010,81.1526
Andorra,AND,2011,83.6224
Andorra,AND,2012,83.1208
Andorra,AND,2013,85.0214
Andorra,AND,2014,89.8341
Andorra,AND,2015,98.8389
Andorra,AND,2016,105.474
Andorra,AND,2017,108.912
Andorra,AND,2018,109.915
Andorra,AND,2019,114.953
Andorra,AND,2020,103.877
Andorra,AND,2021,119.688
Andorra,AND,2022,142.426
Andorra,AND,2023,156.097
Angola,AGO,1980,0
Angola,AGO,1981,0
Angola,AGO,1982,0
Angola,AGO,1983,0
Angola,AGO,1984,0
Angola,AGO,1985,0
Angola,AGO,1986,0
Angola,AGO,1987,0
Angola,AGO,1988,0
Angola,AGO,1989,0
Angola,AGO,1990,0
Angola,AGO,1991,0
Angola,AGO,1992,0
Angola,AGO,1993,0.008436702
Angola,AGO,1994,0.013549219
Angola,AGO,1995,0.01433269
Angola,AGO,1996,0.02292929
Angola,AGO,1997,0.04742069
Angola,AGO,1998,0.063903734
Angola,AGO,1999,0.15122157
Angola,AGO,2000,0.159347
Angola,AGO,2001,0.447836
Angola,AGO,2002,0.807955
Angola,AGO,2003,1.95054
Angola,AGO,2004,3.9784
Angola,AGO,2005,8.35159
Angola,AGO,2006,15.2614
Angola,AGO,2007,23.8782
Angola,AGO,2008,31.3891
Angola,AGO,2009,36.1789
Angola,AGO,2010,40.3668
Angola,AGO,2011,49.8515
Angola,AGO,2012,50.7801
Angola,AGO,2013,50.7735
Angola,AGO,2014,51.7384
Angola,AGO,2015,49.3097
Angola,AGO,2016,44.5502
Angola,AGO,2017,44.0682
Angola,AGO,2018,42.4589
Angola,AGO,2019,45.8065
Angola,AGO,2020,43.7804
Angola,AGO,2021,44.3869
Angola,AGO,2022,66.6008
Angola,AGO,2023,70.052
Antigua and Barbuda,ATG,1980,0
Antigua and Barbuda,ATG,1981,0
Antigua and Barbuda,ATG,1982,0
Antigua and Barbuda,ATG,1983,0
Antigua and Barbuda,ATG,1984,0
Antigua and Barbuda,ATG,1985,0
Antigua and Barbuda,ATG,1986,0
Antigua and Barbuda,ATG,1987,0
Antigua and Barbuda,ATG,1988,0
Antigua and Barbuda,ATG,1990,0
Antigua and Barbuda,ATG,1996,1.8625176
Antigua and Barbuda,ATG,1997,1.9657952
Antigua and Barbuda,ATG,1998,2.066913
Antigua and Barbuda,ATG,1999,11.5143385
Antigua and Barbuda,ATG,2000,29.3678
Antigua and Barbuda,ATG,2001,32.8649
Antigua and Barbuda,ATG,2002,49.5963
Antigua and Barbuda,ATG,2003,59.1906
Antigua and Barbuda,ATG,2004,68.5984
Antigua and Barbuda,ATG,2005,108.025
Antigua and Barbuda,ATG,2006,136.689
Antigua and Barbuda,ATG,2007,137.547
Antigua and Barbuda,ATG,2008,164.743
Antigua and Barbuda,ATG,2009,160.295
Antigua and Barbuda,ATG,2010,196.871
Antigua and Barbuda,ATG,2011,203.873
Antigua and Barbuda,ATG,2012,145.979
Antigua and Barbuda,ATG,2013,129.858
Antigua and Barbuda,ATG,2014,135.235
Antigua and Barbuda,ATG,2015,196.848
Antigua and Barbuda,ATG,2016,200.069
Antigua and Barbuda,ATG,2017,203.387
Antigua and Barbuda,ATG,2019,201.392
Antigua and Barbuda,ATG,2020,200.335
Antigua and Barbuda,ATG,2021,199.244
Antigua and Barbuda,ATG,2022,200.541
Argentina,ARG,1980,0
Argentina,ARG,1981,0
Argentina,ARG,1982,0
Argentina,ARG,1983,0
Argentina,ARG,1984,0
Argentina,ARG,1985,0
Argentina,ARG,1986,0
Argentina,ARG,1987,0
Argentina,ARG,1988,0
Argentina,ARG,1989,0.007150459
Argentina,ARG,1990,0.036767345
Argentina,ARG,1991,0.07551555
Argentina,ARG,1992,0.13879173
Argentina,ARG,1993,0.32914805
Argentina,ARG,1994,0.6992523
Argentina,ARG,1995,1.1600575
Argentina,ARG,1996,1.8848037
Argentina,ARG,1997,5.609433
Argentina,ARG,1998,7.3713126
Argentina,ARG,1999,10.50082
Argentina,ARG,2000,17.4342
Argentina,ARG,2001,17.9185
Argentina,ARG,2002,17.2676
Argentina,ARG,2003,20.4096
Argentina,ARG,2004,34.8114
Argentina,ARG,2005,56.4973
Argentina,ARG,2006,79.5273
Argentina,ARG,2007,100.962
Argentina,ARG,2008,115.052
Argentina,ARG,2009,128.462
Argentina,ARG,2010,138.252
Argentina,ARG,2011,145.511
Argentina,ARG,2012,152.574
Argentina,ARG,2013,158.191
Argentina,ARG,2014,142.325
Argentina,ARG,2015,142.241
Argentina,ARG,2016,145.147
Argentina,ARG,2017,139.758
Argentina,ARG,2018,131.224
Argentina,ARG,2019,125.303
Argentina,ARG,2020,121.181
Argentina,ARG,2021,130.353
Argentina,ARG,2022,131.484
Argentina,ARG,2023,137.706
Armenia,ARM,1980,0
Armenia,ARM,1981,0
Armenia,ARM,1982,0
Armenia,ARM,1983,0
Armenia,ARM,1984,0
Armenia,ARM,1985,0
Armenia,ARM,1986,0
Armenia,ARM,1987,0
Armenia,ARM,1988,0
Armenia,ARM,1989,0
Armenia,ARM,1990,0
Armenia,ARM,1991,0
Armenia,ARM,1992,0
Armenia,ARM,1993,0
Armenia,ARM,1994,0
Armenia,ARM,1995,0
Armenia,ARM,1996,0.009093946
Armenia,ARM,1997,0.15283892
Armenia,ARM,1998,0.24165651
Armenia,ARM,1999,0.2545516
Armenia,ARM,2000,0.55944
Armenia,ARM,2001,0.826884
Armenia,ARM,2002,2.335
Armenia,ARM,2003,3.76374
Armenia,ARM,2004,6.72643
Armenia,ARM,2005,10.5791
Armenia,ARM,2006,42.1272
Armenia,ARM,2007,63.0765
Armenia,ARM,2008,48.7164
Armenia,ARM,2009,74.4012
Armenia,ARM,2010,131.875
Armenia,ARM,2011,109.85
Armenia,ARM,2012,113.697
Armenia,ARM,2013,114.5
Armenia,ARM,2014,118.365
Armenia,ARM,2015,118.599
Armenia,ARM,2016,117.671
Armenia,ARM,2017,119.676
Armenia,ARM,2018,123
Armenia,ARM,2019,124.614
Armenia,ARM,2020,120.682
Armenia,ARM,2021,125.395
Armenia,ARM,2022,130.54
Armenia,ARM,2023,134.52
Aruba,ABW,1980,0
Aruba,ABW,1981,0
Aruba,ABW,1982,0
Aruba,ABW,1983,0
Aruba,ABW,1984,0
Aruba,ABW,1985,0
Aruba,ABW,1986,0
Aruba,ABW,1987,0
Aruba,ABW,1988,0
Aruba,ABW,1989,0
Aruba,ABW,1990,0
Aruba,ABW,1991,0
Aruba,ABW,1992,0.028493276
Aruba,ABW,1995,2.229721
Aruba,ABW,1996,3.7775288
Aruba,ABW,1997,4.1559772
Aruba,ABW,1998,6.377808
Aruba,ABW,1999,13.814221
Aruba,ABW,2000,16.8993
Aruba,ABW,2001,58.69
Aruba,ABW,2002,67.6304
Aruba,ABW,2003,75.7794
Aruba,ABW,2004,105.553
Aruba,ABW,2005,109.75
Aruba,ABW,2006,114.297
Aruba,ABW,2007,117.6
Aruba,ABW,2008,123.517
Aruba,ABW,2009,129.26
Aruba,ABW,2010,131.65
Aruba,ABW,2012,132.661
Aruba,ABW,2013,135.338
Aruba,ABW,2014,135.142
Aruba,ABW,2015,135.337
Aruba,ABW,2019,131.682
Aruba,ABW,2020,131.285
Aruba,ABW,2021,131.092
Aruba,ABW,2022,130.648
Australia,AUS,1980,0
Australia,AUS,1981,0
Australia,AUS,1982,0
Australia,AUS,1983,0
Australia,AUS,1984,0
Australia,AUS,1985,0
Australia,AUS,1986,0
Australia,AUS,1987,0.027202979
Australia,AUS,1988,0.19134809
Australia,AUS,1989,0.56278694
Australia,AUS,1990,1.0848367
Australia,AUS,1991,1.6875546
Australia,AUS,1992,2.8460982
Australia,AUS,1993,3.9134479
Australia,AUS,1994,6.851814
Australia,AUS,1995,12.453481
Australia,AUS,1996,21.908817
Australia,AUS,1997,24.866583
Australia,AUS,1998,26.43849
Australia,AUS,1999,33.588833
Australia,AUS,2000,44.7511
Australia,AUS,2001,57.4839
Australia,AUS,2002,64.6582
Australia,AUS,2003,72.3885
Australia,AUS,2004,82.2081
Australia,AUS,2005,90.7636
Australia,AUS,2006,95.9663
Australia,AUS,2007,101.458
Australia,AUS,2008,103.507
Australia,AUS,2009,101.914
Australia,AUS,2010,101.619
Australia,AUS,2011,105.824
Australia,AUS,2012,106.5
Australia,AUS,2013,107.332
Australia,AUS,2014,106.206
Australia,AUS,2015,107.608
Australia,AUS,2016,109.129
Australia,AUS,2017,107.8
Australia,AUS,2018,110.033
Australia,AUS,2019,109.753
Australia,AUS,2020,104.93
Australia,AUS,2021,105.119
Australia,AUS,2022,109.469
Australia,AUS,2023,112.513
Austria,AUT,1980,0
Austria,AUT,1981,0
Austria,AUT,1982,0
Austria,AUT,1983,0
Austria,AUT,1984,0
Austria,AUT,1985,0.12909089
Austria,AUT,1986,0.25245637
Austria,AUT,1987,0.34629798
Austria,AUT,1988,0.4866188
Austria,AUT,1989,0.66568315
Austria,AUT,1990,0.95976824
Austria,AUT,1991,1.4879756
Austria,AUT,1992,2.1994267
Austria,AUT,1993,2.793817
Austria,AUT,1994,3.5058122
Austria,AUT,1995,4.825981
Austria,AUT,1996,7.5233088
Austria,AUT,1997,14.556125
Austria,AUT,1998,28.74799
Austria,AUT,1999,53.18725
Austria,AUT,2000,76.3391
Austria,AUT,2001,81.3331
Austria,AUT,2002,83.3495
Austria,AUT,2003,89.5526
Austria,AUT,2004,97.7795
Austria,AUT,2005,105.296
Austria,AUT,2006,112.226
Austria,AUT,2007,119.466
Austria,AUT,2008,129.949
Austria,AUT,2009,137.015
Austria,AUT,2010,146.334
Austria,AUT,2011,155.155
Austria,AUT,2012,161.156
Austria,AUT,2013,156.483
Austria,AUT,2014,151.531
Austria,AUT,2015,155.837
Austria,AUT,2016,126.798
Austria,AUT,2017,123.415
Austria,AUT,2018,124.23
Austria,AUT,2019,120.776
Austria,AUT,2020,120.132
Austria,AUT,2021,121.358
Austria,AUT,2022,121.166
Austria,AUT,2023,121.746
Azerbaijan,AZE,1980,0
Azerbaijan,AZE,1981,0
Azerbaijan,AZE,1982,0
Azerbaijan,AZE,1983,0
Azerbaijan,AZE,1984,0
Azerbaijan,AZE,1985,0
Azerbaijan,AZE,1986,0
Azerbaijan,AZE,1987,0
Azerbaijan,AZE,1988,0
Azerbaijan,AZE,1989,0
Azerbaijan,AZE,1990,0
Azerbaijan,AZE,1991,0
Azerbaijan,AZE,1992,0
Azerbaijan,AZE,1993,0
Azerbaijan,AZE,1994,0.006392325
Azerbaijan,AZE,1995,0.076052085
Azerbaijan,AZE,1996,0.21386063
Azerbaijan,AZE,1997,0.49999613
Azerbaijan,AZE,1998,0.8083475
Azerbaijan,AZE,1999,4.567084
Azerbaijan,AZE,2000,5.14264
Azerbaijan,AZE,2001,8.84659
Azerbaijan,AZE,2002,9.53864
Azerbaijan,AZE,2003,12.5837
Azerbaijan,AZE,2004,17.156
Azerbaijan,AZE,2005,26.0781
Azerbaijan,AZE,2006,38.1512
Azerbaijan,AZE,2007,51.1876
Azerbaijan,AZE,2008,73.2222
Azerbaijan,AZE,2009,85.7487
Azerbaijan,AZE,2010,99.489
Azerbaijan,AZE,2011,109.334
Azerbaijan,AZE,2012,107.989
Azerbaijan,AZE,2013,106.583
Azerbaijan,AZE,2014,109.567
Azerbaijan,AZE,2015,109.682
Azerbaijan,AZE,2016,103.248
Azerbaijan,AZE,2017,101.59
Azerbaijan,AZE,2018,102.987
Azerbaijan,AZE,2019,106.328
Azerbaijan,AZE,2020,101.597
Azerbaijan,AZE,2021,105.694
Azerbaijan,AZE,2022,107.506
Azerbaijan,AZE,2023,107.687
Bahamas,BHS,1980,0
Bahamas,BHS,1981,0
Bahamas,BHS,1982,0
Bahamas,BHS,1983,0
Bahamas,BHS,1984,0
Bahamas,BHS,1985,0
Bahamas,BHS,1986,0
Bahamas,BHS,1987,0
Bahamas,BHS,1988,0
Bahamas,BHS,1989,0
Bahamas,BHS,1990,0.71006614
Bahamas,BHS,1991,0.7317303
Bahamas,BHS,1992,0.9220741
Bahamas,BHS,1993,0.8332061
Bahamas,BHS,1995,1.3687015
Bahamas,BHS,1996,1.6226568
Bahamas,BHS,1997,1.9989039
Bahamas,BHS,1998,2.559306
Bahamas,BHS,1999,4.9679646
Bahamas,BHS,2000,9.73459
Bahamas,BHS,2001,18.4711
Bahamas,BHS,2002,36.7171
Bahamas,BHS,2003,36.4188
Bahamas,BHS,2004,54.743
Bahamas,BHS,2005,66.2329
Bahamas,BHS,2006,72.6192
Bahamas,BHS,2007,105.849
Bahamas,BHS,2008,99.9805
Bahamas,BHS,2009,98.898
Bahamas,BHS,2010,116.572
Bahamas,BHS,2011,80.3784
Bahamas,BHS,2012,79.9001
Bahamas,BHS,2013,75.735
Bahamas,BHS,2014,82.3551
Bahamas,BHS,2015,80.7521
Bahamas,BHS,2016,92.8219
Bahamas,BHS,2017,90.5387
Bahamas,BHS,2018,98.9789
Bahamas,BHS,2019,107.812
Bahamas,BHS,2020,117.717
Bahamas,BHS,2021,100.257
Bahamas,BHS,2022,101.624
Bahamas,BHS,2023,100.048
Bahrain,BHR,1980,0
Bahrain,BHR,1981,0
Bahrain,BHR,1982,0
Bahrain,BHR,1983,0
Bahrain,BHR,1984,0
Bahrain,BHR,1985,0
Bahrain,BHR,1986,0.13727355
Bahrain,BHR,1987,0.36693788
Bahrain,BHR,1988,0.59710014
Bahrain,BHR,1989,0.849607
Bahrain,BHR,1990,0.994747
Bahrain,BHR,1991,1.373514
Bahrain,BHR,1992,1.7463523
Bahrain,BHR,1993,1.9799358
Bahrain,BHR,1994,2.9693859
Bahrain,BHR,1995,4.5029316
Bahrain,BHR,1996,6.334195
Bahrain,BHR,1997,8.970155
Bahrain,BHR,1998,13.689991
Bahrain,BHR,1999,19.283577
Bahrain,BHR,2000,30.7247
Bahrain,BHR,2001,42.8008
Bahrain,BHR,2002,51.7138
Bahrain,BHR,2003,54.6188
Bahrain,BHR,2004,74.5619
Bahrain,BHR,2005,82.2539
Bahrain,BHR,2006,91.2343
Bahrain,BHR,2007,105.539
Bahrain,BHR,2008,128.559
Bahrain,BHR,2009,118.449
Bahrain,BHR,2010,129.158
Bahrain,BHR,2011,140.351
Bahrain,BHR,2012,174.62
Bahrain,BHR,2013,175.802
Bahrain,BHR,2014,177.4
Bahrain,BHR,2015,183.92
Bahrain,BHR,2016,209.489
Bahrain,BHR,2017,159.547
Bahrain,BHR,2018,139.735
Bahrain,BHR,2019,129.143
Bahrain,BHR,2020,119.412
Bahrain,BHR,2021,128.079
Bahrain,BHR,2022,139.636
Bahrain,BHR,2023,153.9
Bangladesh,BGD,1980,0
Bangladesh,BGD,1981,0
Bangladesh,BGD,1982,0
Bangladesh,BGD,1983,0
Bangladesh,BGD,1984,0
Bangladesh,BGD,1985,0
Bangladesh,BGD,1986,0
Bangladesh,BGD,1987,0
Bangladesh,BGD,1988,0
Bangladesh,BGD,1989,0
Bangladesh,BGD,1990,0
Bangladesh,BGD,1991,0
Bangladesh,BGD,1992,0.000224674
Bangladesh,BGD,1993,0.000440844
Bangladesh,BGD,1994,0.000954894
Bangladesh,BGD,1995,0.002122361
Bangladesh,BGD,1996,0.003336757
Bangladesh,BGD,1997,0.021304624
Bangladesh,BGD,1998,0.060313404
Bangladesh,BGD,1999,0.11754977
Bangladesh,BGD,2000,0.207367
Bangladesh,BGD,2001,0.380101
Bangladesh,BGD,2002,0.773751
Bangladesh,BGD,2003,0.968289
Bangladesh,BGD,2004,1.94647
Bangladesh,BGD,2005,6.21909
Bangladesh,BGD,2006,13.0671
Bangladesh,BGD,2007,23.2247
Bangladesh,BGD,2008,29.8647
Bangladesh,BGD,2009,34.0413
Bangladesh,BGD,2010,44.6275
Bangladesh,BGD,2011,54.9307
Bangladesh,BGD,2012,62.6684
Bangladesh,BGD,2013,74.4595
Bangladesh,BGD,2014,80.3128
Bangladesh,BGD,2015,82.4276
Bangladesh,BGD,2016,84.5595
Bangladesh,BGD,2017,93.069
Bangladesh,BGD,2018,98.9289
Bangladesh,BGD,2019,100.4
Bangladesh,BGD,2020,106.002
Bangladesh,BGD,2021,110.012
Bangladesh,BGD,2022,109.867
Bangladesh,BGD,2023,114.355
Barbados,BRB,1980,0
Barbados,BRB,1981,0
Barbados,BRB,1982,0
Barbados,BRB,1983,0
Barbados,BRB,1984,0
Barbados,BRB,1985,0
Barbados,BRB,1986,0
Barbados,BRB,1987,0
Barbados,BRB,1988,0
Barbados,BRB,1989,0
Barbados,BRB,1990,0
Barbados,BRB,1991,0.187354
Barbados,BRB,1992,0.30590442
Barbados,BRB,1993,0.5977103
Barbados,BRB,1994,1.1336889
Barbados,BRB,1995,1.7590277
Barbados,BRB,1996,2.390846
Barbados,BRB,1997,3.0441754
Barbados,BRB,1998,4.5516267
Barbados,BRB,1999,7.6878524
Barbados,BRB,2000,10.8627
Barbados,BRB,2001,20.2385
Barbados,BRB,2002,36.7949
Barbados,BRB,2003,52.6759
Barbados,BRB,2004,74.8745
Barbados,BRB,2005,76.7344
Barbados,BRB,2006,87.8212
Barbados,BRB,2007,94.953
Barbados,BRB,2008,105.848
Barbados,BRB,2009,122.96
Barbados,BRB,2010,127.183
Barbados,BRB,2011,125.993
Barbados,BRB,2012,126.128
Barbados,BRB,2013,110.82
Barbados,BRB,2014,109.739
Barbados,BRB,2015,120.001
Barbados,BRB,2016,118.816
Barbados,BRB,2017,117.63
Barbados,BRB,2018,117.319
Barbados,BRB,2019,117.112
Barbados,BRB,2020,104.722
Barbados,BRB,2021,112.223
Barbados,BRB,2022,114.581
Belarus,BLR,1980,0
Belarus,BLR,1981,0
Belarus,BLR,1982,0
Belarus,BLR,1983,0
Belarus,BLR,1984,0
Belarus,BLR,1985,0
Belarus,BLR,1986,0
Belarus,BLR,1987,0
Belarus,BLR,1988,0
Belarus,BLR,1989,0
Belarus,BLR,1990,0
Belarus,BLR,1991,0
Belarus,BLR,1992,0
Belarus,BLR,1993,0.00309146
Belarus,BLR,1994,0.016457615
Belarus,BLR,1995,0.056367535
Belarus,BLR,1996,0.062741585
Belarus,BLR,1997,0.07852187
Belarus,BLR,1998,0.11735496
Belarus,BLR,1999,0.22755487
Belarus,BLR,2000,0.493959
Belarus,BLR,2001,1.39191
Belarus,BLR,2002,4.6856
Belarus,BLR,2003,11.4045
Belarus,BLR,2004,23.0022
Belarus,BLR,2005,42.4035
Belarus,BLR,2006,62.0314
Belarus,BLR,2007,72.7795
Belarus,BLR,2008,85.2943
Belarus,BLR,2009,101.881
Belarus,BLR,2010,108.873
Belarus,BLR,2011,112.902
Belarus,BLR,2012,112.822
Belarus,BLR,2013,117.434
Belarus,BLR,2014,120.366
Belarus,BLR,2015,120.67
Belarus,BLR,2016,120.432
Belarus,BLR,2017,120.213
Belarus,BLR,2018,122.57
Belarus,BLR,2019,123.23
Belarus,BLR,2020,125.165
Belarus,BLR,2021,127.117
Belarus,BLR,2022,128.315
Belarus,BLR,2023,128.979
Belgium,BEL,1980,0
Belgium,BEL,1981,0
Belgium,BEL,1982,0
Belgium,BEL,1983,0
Belgium,BEL,1984,0
Belgium,BEL,1985,0
Belgium,BEL,1986,0.038410913
Belgium,BEL,1987,0.07295796
Belgium,BEL,1988,0.19312371
Belgium,BEL,1989,0.30985683
Belgium,BEL,1990,0.4305411
Belgium,BEL,1991,0.5148657
Belgium,BEL,1992,0.61359036
Belgium,BEL,1993,0.67475873
Belgium,BEL,1994,1.2719107
Belgium,BEL,1995,2.3303952
Belgium,BEL,1996,4.723512
Belgium,BEL,1997,9.59632
Belgium,BEL,1998,17.237871
Belgium,BEL,1999,31.167189
Belgium,BEL,2000,54.9079
Belgium,BEL,2001,74.8226
Belgium,BEL,2002,78.407
Belgium,BEL,2003,82.9377
Belgium,BEL,2004,87.6255
Belgium,BEL,2005,91.6576
Belgium,BEL,2006,93.3538
Belgium,BEL,2007,101.06
Belgium,BEL,2008,105.901
Belgium,BEL,2009,108.9
Belgium,BEL,2010,111.132
Belgium,BEL,2011,113.202
Belgium,BEL,2012,110.856
Belgium,BEL,2013,110.349
Belgium,BEL,2014,113.6
Belgium,BEL,2015,113.292
Belgium,BEL,2016,110.749
Belgium,BEL,2017,99.8304
Belgium,BEL,2018,100.164
Belgium,BEL,2019,100.165
Belgium,BEL,2020,99.9101
Belgium,BEL,2021,101.463
Belgium,BEL,2022,101.68
Belgium,BEL,2023,103.196
Belize,BLZ,1980,0
Belize,BLZ,1981,0
Belize,BLZ,1982,0
Belize,BLZ,1983,0
Belize,BLZ,1984,0
Belize,BLZ,1985,0
Belize,BLZ,1986,0
Belize,BLZ,1987,0
Belize,BLZ,1988,0
Belize,BLZ,1989,0
Belize,BLZ,1990,0
Belize,BLZ,1991,0
Belize,BLZ,1992,0
Belize,BLZ,1993,0.20599762
Belize,BLZ,1994,0.41932103
Belize,BLZ,1995,0.7599874
Belize,BLZ,1996,1.040793
Belize,BLZ,1997,1.1717185
Belize,BLZ,1998,1.5717608
Belize,BLZ,1999,2.8320007
Belize,BLZ,2000,6.98176
Belize,BLZ,2001,15.7642
Belize,BLZ,2002,20.2059
Belize,BLZ,2003,22.899
Belize,BLZ,2004,27.6052
Belize,BLZ,2005,34.3187
Belize,BLZ,2006,40.9896
Belize,BLZ,2007,39.9574
Belize,BLZ,2008,52.5797
Belize,BLZ,2009,51.7517
Belize,BLZ,2010,60.6414
Belize,BLZ,2011,67.9524
Belize,BLZ,2012,51.5597
Belize,BLZ,2013,51.1128
Belize,BLZ,2014,49.3805
Belize,BLZ,2015,59.4798
Belize,BLZ,2016,61.1256
Belize,BLZ,2017,64.1586
Belize,BLZ,2018,64.7802
Belize,BLZ,2019,66.0705
Belize,BLZ,2020,67.5517
Belize,BLZ,2021,66.7769
Belize,BLZ,2022,67.175
Benin,BEN,1980,0
Benin,BEN,1981,0
Benin,BEN,1982,0
Benin,BEN,1983,0
Benin,BEN,1984,0
Benin,BEN,1985,0
Benin,BEN,1986,0
Benin,BEN,1987,0
Benin,BEN,1988,0
Benin,BEN,1989,0
Benin,BEN,1990,0
Benin,BEN,1991,0
Benin,BEN,1992,0
Benin,BEN,1993,0
Benin,BEN,1994,0
Benin,BEN,1995,0.017365389
Benin,BEN,1996,0.043634124
Benin,BEN,1997,0.06724569
Benin,BEN,1998,0.095471226
Benin,BEN,1999,0.10707674
Benin,BEN,2000,0.768193
Benin,BEN,2001,1.67884
Benin,BEN,2002,2.85027
Benin,BEN,2003,2.98462
Benin,BEN,2004,5.62957
Benin,BEN,2005,7.07639
Benin,BEN,2006,12.1442
Benin,BEN,2007,22.9147
Benin,BEN,2008,39.2846
Benin,BEN,2009,52.9301
Benin,BEN,2010,72.2115
Benin,BEN,2011,76.9318
Benin,BEN,2012,80.8629
Benin,BEN,2013,89.9019
Benin,BEN,2014,78.517
Benin,BEN,2015,82.0193
Benin,BEN,2016,76.0182
Benin,BEN,2017,72.8671
Benin,BEN,2018,76.408
Benin,BEN,2019,81.3235
Benin,BEN,2020,85.2391
Benin,BEN,2021,94.9183
Benin,BEN,2022,105.745
Benin,BEN,2023,116.036
Bermuda,BMU,1980,0
Bermuda,BMU,1981,0
Bermuda,BMU,1982,0
Bermuda,BMU,1983,0
Bermuda,BMU,1984,0
Bermuda,BMU,1985,0
Bermuda,BMU,1986,0
Bermuda,BMU,1989,1.3044772
Bermuda,BMU,1990,1.9349226
Bermuda,BMU,1991,2.488164
Bermuda,BMU,1992,3.319502
Bermuda,BMU,1993,5.7882195
Bermuda,BMU,1994,8.673366
Bermuda,BMU,1995,10.634828
Bermuda,BMU,1996,13.335562
Bermuda,BMU,1997,17.062115
Bermuda,BMU,1998,20.744848
Bermuda,BMU,1999,20.990145
Bermuda,BMU,2000,21.121
Bermuda,BMU,2001,21.5511
Bermuda,BMU,2002,48.2765
Bermuda,BMU,2003,64.1169
Bermuda,BMU,2004,78.3311
Bermuda,BMU,2005,84.0682
Bermuda,BMU,2006,95.6489
Bermuda,BMU,2007,109.506
Bermuda,BMU,2008,124.803
Bermuda,BMU,2009,133.721
Bermuda,BMU,2010,138.407
Bermuda,BMU,2012,142.978
Bermuda,BMU,2013,148.331
Bermuda,BMU,2014,93.6438
Bermuda,BMU,2015,59.8765
Bermuda,BMU,2016,100.697
Bermuda,BMU,2017,102.232
Bermuda,BMU,2019,104.513
Bermuda,BMU,2020,105.62
Bermuda,BMU,2021,105.185
Bermuda,BMU,2022,105.274
Bhutan,BTN,1980,0
Bhutan,BTN,1981,0
Bhutan,BTN,1982,0
Bhutan,BTN,1983,0
Bhutan,BTN,1984,0
Bhutan,BTN,1985,0
Bhutan,BTN,1986,0
Bhutan,BTN,1987,0
Bhutan,BTN,1988,0
Bhutan,BTN,1989,0
Bhutan,BTN,1990,0
Bhutan,BTN,1991,0
Bhutan,BTN,1992,0
Bhutan,BTN,1993,0
Bhutan,BTN,1994,0
Bhutan,BTN,1995,0
Bhutan,BTN,1996,0
Bhutan,BTN,1997,0
Bhutan,BTN,1998,0
Bhutan,BTN,1999,0
Bhutan,BTN,2000,0
Bhutan,BTN,2001,0
Bhutan,BTN,2002,0
Bhutan,BTN,2003,0.353635
Bhutan,BTN,2004,2.94185
Bhutan,BTN,2005,5.43918
Bhutan,BTN,2006,12.2359
Bhutan,BTN,2007,22.0203
Bhutan,BTN,2008,36.9241
Bhutan,BTN,2009,48.8392
Bhutan,BTN,2010,56.1998
Bhutan,BTN,2011,68.2555
Bhutan,BTN,2012,78.1969
Bhutan,BTN,2013,75.0527
Bhutan,BTN,2014,85.1866
Bhutan,BTN,2015,91.241
Bhutan,BTN,2016,93.3821
Bhutan,BTN,2017,96.8566
Bhutan,BTN,2018,92.6023
Bhutan,BTN,2019,95.3473
Bhutan,BTN,2020,96.7703
Bhutan,BTN,2021,100.331
Bhutan,BTN,2022,95.1298
Bhutan,BTN,2023,95.6261
Bolivia,BOL,1980,0
Bolivia,BOL,1981,0
Bolivia,BOL,1982,0
Bolivia,BOL,1983,0
Bolivia,BOL,1984,0
Bolivia,BOL,1985,0
Bolivia,BOL,1986,0
Bolivia,BOL,1987,0
Bolivia,BOL,1988,0
Bolivia,BOL,1989,0
Bolivia,BOL,1990,0
Bolivia,BOL,1991,0.004071835
Bolivia,BOL,1992,0.020975279
Bolivia,BOL,1993,0.035244267
Bolivia,BOL,1994,0.052718308
Bolivia,BOL,1995,0.09218933
Bolivia,BOL,1996,0.41805565
Bolivia,BOL,1997,1.4553764
Bolivia,BOL,1998,2.8873425
Bolivia,BOL,1999,4.9809384
Bolivia,BOL,2000,6.76967
Bolivia,BOL,2001,8.91055
Bolivia,BOL,2002,11.4977
Bolivia,BOL,2003,14.1298
Bolivia,BOL,2004,19.5647
Bolivia,BOL,2005,25.8676
Bolivia,BOL,2006,30.2062
Bolivia,BOL,2007,33.5993
Bolivia,BOL,2008,51.1488
Bolivia,BOL,2009,64.5389
Bolivia,BOL,2010,70.5073
Bolivia,BOL,2011,80.7163
Bolivia,BOL,2012,90.2756
Bolivia,BOL,2013,97.5951
Bolivia,BOL,2014,96.3264
Bolivia,BOL,2015,92.266
Bolivia,BOL,2016,90.3953
Bolivia,BOL,2017,96.6384
Bolivia,BOL,2018,99.4566
Bolivia,BOL,2019,100.149
Bolivia,BOL,2020,99.8988
Bolivia,BOL,2021,100.809
Bolivia,BOL,2022,101.572
Bosnia and Herzegovina,BIH,1980,0
Bosnia and Herzegovina,BIH,1981,0
Bosnia and Herzegovina,BIH,1982,0
Bosnia and Herzegovina,BIH,1983,0
Bosnia and Herzegovina,BIH,1984,0
Bosnia and Herzegovina,BIH,1985,0
Bosnia and Herzegovina,BIH,1986,0
Bosnia and Herzegovina,BIH,1987,0
Bosnia and Herzegovina,BIH,1988,0
Bosnia and Herzegovina,BIH,1989,0
Bosnia and Herzegovina,BIH,1990,0
Bosnia and Herzegovina,BIH,1991,0
Bosnia and Herzegovina,BIH,1992,0
Bosnia and Herzegovina,BIH,1993,0
Bosnia and Herzegovina,BIH,1994,0
Bosnia and Herzegovina,BIH,1995,0
Bosnia and Herzegovina,BIH,1996,0.03838526
Bosnia and Herzegovina,BIH,1997,0.22234586
Bosnia and Herzegovina,BIH,1998,0.61192316
Bosnia and Herzegovina,BIH,1999,1.2667186
Bosnia and Herzegovina,BIH,2000,2.24498
Bosnia and Herzegovina,BIH,2001,10.6404
Bosnia and Herzegovina,BIH,2002,17.8792
Bosnia and Herzegovina,BIH,2003,25.7218
Bosnia and Herzegovina,BIH,2004,33.9881
Bosnia and Herzegovina,BIH,2005,38.9203
Bosnia and Herzegovina,BIH,2006,46.4606
Bosnia and Herzegovina,BIH,2007,61.0557
Bosnia and Herzegovina,BIH,2008,80.532
Bosnia and Herzegovina,BIH,2009,83.9539
Bosnia and Herzegovina,BIH,2010,81.6019
Bosnia and Herzegovina,BIH,2011,84.7529
Bosnia and Herzegovina,BIH,2012,91.4833
Bosnia and Herzegovina,BIH,2013,96.6063
Bosnia and Herzegovina,BIH,2014,97.9342
Bosnia and Herzegovina,BIH,2015,97.8678
Bosnia and Herzegovina,BIH,2016,98.0144
Bosnia and Herzegovina,BIH,2017,100.333
Bosnia and Herzegovina,BIH,2018,102.187
Bosnia and Herzegovina,BIH,2019,112.255
Bosnia and Herzegovina,BIH,2020,106.375
Bosnia and Herzegovina,BIH,2021,114.912
Bosnia and Herzegovina,BIH,2022,118.944
Bosnia and Herzegovina,BIH,2023,117.734
Botswana,BWA,1980,0
Botswana,BWA,1981,0
Botswana,BWA,1982,0
Botswana,BWA,1983,0
Botswana,BWA,1984,0
Botswana,BWA,1985,0
Botswana,BWA,1986,0
Botswana,BWA,1987,0
Botswana,BWA,1988,0
Botswana,BWA,1989,0
Botswana,BWA,1990,0
Botswana,BWA,1991,0
Botswana,BWA,1992,0
Botswana,BWA,1993,0
Botswana,BWA,1994,0
Botswana,BWA,1995,0
Botswana,BWA,1996,0
Botswana,BWA,1997,0
Botswana,BWA,1998,0.9174373
Botswana,BWA,1999,5.438773
Botswana,BWA,2000,13.2462
Botswana,BWA,2001,19.4051
Botswana,BWA,2002,19.0435
Botswana,BWA,2003,25.0588
Botswana,BWA,2004,28.9318
Botswana,BWA,2005,30.6424
Botswana,BWA,2006,43.9084
Botswana,BWA,2007,60.2637
Botswana,BWA,2008,76.1956
Botswana,BWA,2009,94.1441
Botswana,BWA,2010,116.246
Botswana,BWA,2011,139.87
Botswana,BWA,2012,146.149
Botswana,BWA,2013,151.671
Botswana,BWA,2014,157.018
Botswana,BWA,2015,157.735
Botswana,BWA,2016,147.173
Botswana,BWA,2017,142.962
Botswana,BWA,2018,147.065
Botswana,BWA,2019,160.662
Botswana,BWA,2020,161.859
Botswana,BWA,2021,173.252
Botswana,BWA,2022,178.205
Botswana,BWA,2023,179.027
Brazil,BRA,1980,0
Brazil,BRA,1981,0
Brazil,BRA,1982,0
Brazil,BRA,1983,0
Brazil,BRA,1984,0
Brazil,BRA,1985,0
Brazil,BRA,1986,0
Brazil,BRA,1987,0
Brazil,BRA,1988,0
Brazil,BRA,1989,0
Brazil,BRA,1990,0.000442582
Brazil,BRA,1991,0.004369477
Brazil,BRA,1992,0.020525875
Brazil,BRA,1993,0.11486935
Brazil,BRA,1994,0.35657057
Brazil,BRA,1995,0.786185
Brazil,BRA,1996,1.5045756
Brazil,BRA,1997,2.6995485
Brazil,BRA,1998,4.3078966
Brazil,BRA,1999,8.665065
Brazil,BRA,2000,13.3251
Brazil,BRA,2001,16.3049
Brazil,BRA,2002,19.5408
Brazil,BRA,2003,25.6741
Brazil,BRA,2004,35.9135
Brazil,BRA,2005,46.6789
Brazil,BRA,2006,53.5317
Brazil,BRA,2007,64.1626
Brazil,BRA,2008,79.132
Brazil,BRA,2009,88.1849
Brazil,BRA,2010,101.667
Brazil,BRA,2011,120.008
Brazil,BRA,2012,126.132
Brazil,BRA,2013,136.589
Brazil,BRA,2014,140.305
Brazil,BRA,2015,127.836
Brazil,BRA,2016,120.101
Brazil,BRA,2017,108.093
Brazil,BRA,2018,101.602
Brazil,BRA,2019,97.3747
Brazil,BRA,2020,98.6456
Brazil,BRA,2021,104.825
Brazil,BRA,2022,101.245
Brazil,BRA,2023,101.02
British Virgin Islands,VGB,1980,0
British Virgin Islands,VGB,1981,0
British Virgin Islands,VGB,1982,0
British Virgin Islands,VGB,1983,0
British Virgin Islands,VGB,1984,0
British Virgin Islands,VGB,1985,0
British Virgin Islands,VGB,1990,0
British Virgin Islands,VGB,1996,6.6225166
British Virgin Islands,VGB,2002,37.3308
British Virgin Islands,VGB,2007,81.6053
British Virgin Islands,VGB,2008,87.4924
British Virgin Islands,VGB,2009,172.794
British Virgin Islands,VGB,2010,171.722
British Virgin Islands,VGB,2011,162.302
British Virgin Islands,VGB,2012,160.498
British Virgin Islands,VGB,2013,168.457
British Virgin Islands,VGB,2014,166.143
British Virgin Islands,VGB,2015,165.792
British Virgin Islands,VGB,2016,117.153
British Virgin Islands,VGB,2017,134.692
British Virgin Islands,VGB,2018,115.284
British Virgin Islands,VGB,2019,108.625
British Virgin Islands,VGB,2020,94.6896
British Virgin Islands,VGB,2021,99.5557
British Virgin Islands,VGB,2022,92.8913
Brunei,BRN,1980,0
Brunei,BRN,1981,0
Brunei,BRN,1982,0
Brunei,BRN,1983,0
Brunei,BRN,1984,0
Brunei,BRN,1985,0
Brunei,BRN,1986,0
Brunei,BRN,1987,0
Brunei,BRN,1988,0
Brunei,BRN,1990,0.6765218
Brunei,BRN,1991,1.1209517
Brunei,BRN,1992,1.4790063
Brunei,BRN,1993,2.9166212
Brunei,BRN,1994,5.3515153
Brunei,BRN,1995,11.996443
Brunei,BRN,1996,14.214425
Brunei,BRN,1997,14.367128
Brunei,BRN,1998,15.345524
Brunei,BRN,1999,20.18071
Brunei,BRN,2000,29.1033
Brunei,BRN,2001,42.8997
Brunei,BRN,2002,45.1771
Brunei,BRN,2003,51.1674
Brunei,BRN,2004,57.3669
Brunei,BRN,2005,64.8898
Brunei,BRN,2006,82.6517
Brunei,BRN,2007,98.7233
Brunei,BRN,2008,105.576
Brunei,BRN,2009,107.255
Brunei,BRN,2010,110.902
Brunei,BRN,2011,110.96
Brunei,BRN,2012,115.826
Brunei,BRN,2013,114.011
Brunei,BRN,2014,108.471
Brunei,BRN,2015,109.751
Brunei,BRN,2016,122.427
Brunei,BRN,2017,125.87
Brunei,BRN,2018,129.268
Brunei,BRN,2019,129.845
Brunei,BRN,2020,119.934
Brunei,BRN,2021,133.597
Brunei,BRN,2022,116.108
Brunei,BRN,2023,127.012
Bulgaria,BGR,1980,0
Bulgaria,BGR,1981,0
Bulgaria,BGR,1982,0
Bulgaria,BGR,1983,0
Bulgaria,BGR,1984,0
Bulgaria,BGR,1985,0
Bulgaria,BGR,1986,0
Bulgaria,BGR,1987,0
Bulgaria,BGR,1988,0
Bulgaria,BGR,1989,0
Bulgaria,BGR,1990,0
Bulgaria,BGR,1991,0
Bulgaria,BGR,1992,0
Bulgaria,BGR,1993,0.01161233
Bulgaria,BGR,1994,0.076037034
Bulgaria,BGR,1995,0.24676853
Bulgaria,BGR,1996,0.31647196
Bulgaria,BGR,1997,0.84145075
Bulgaria,BGR,1998,1.5422117
Bulgaria,BGR,1999,4.2880063
Bulgaria,BGR,2000,9.2244
Bulgaria,BGR,2001,19.5498
Bulgaria,BGR,2002,33.0395
Bulgaria,BGR,2003,44.8576
Bulgaria,BGR,2004,61.0333
Bulgaria,BGR,2005,81.1551
Bulgaria,BGR,2006,108.025
Bulgaria,BGR,2007,130.455
Bulgaria,BGR,2008,138.397
Bulgaria,BGR,2009,139.621
Bulgaria,BGR,2010,137.14
Bulgaria,BGR,2011,141.938
Bulgaria,BGR,2012,147.338
Bulgaria,BGR,2013,144.355
Bulgaria,BGR,2014,131.335
Bulgaria,BGR,2015,128.103
Bulgaria,BGR,2016,125.906
Bulgaria,BGR,2017,120.596
Bulgaria,BGR,2018,119.395
Bulgaria,BGR,2019,116.617
Bulgaria,BGR,2020,114.597
Bulgaria,BGR,2021,114.912
Bulgaria,BGR,2022,116.679
Bulgaria,BGR,2023,117.933
Burkina Faso,BFA,1980,0
Burkina Faso,BFA,1981,0
Burkina Faso,BFA,1982,0
Burkina Faso,BFA,1983,0
Burkina Faso,BFA,1984,0
Burkina Faso,BFA,1985,0
Burkina Faso,BFA,1986,0
Burkina Faso,BFA,1987,0
Burkina Faso,BFA,1988,0
Burkina Faso,BFA,1989,0
Burkina Faso,BFA,1990,0
Burkina Faso,BFA,1991,0
Burkina Faso,BFA,1992,0
Burkina Faso,BFA,1993,0
Burkina Faso,BFA,1994,0
Burkina Faso,BFA,1995,0
Burkina Faso,BFA,1996,0.00494294
Burkina Faso,BFA,1997,0.01379234
Burkina Faso,BFA,1998,0.024372688
Burkina Faso,BFA,1999,0.043663904
Burkina Faso,BFA,2000,0.211688
Burkina Faso,BFA,2001,0.61965
Burkina Faso,BFA,2002,0.875435
Burkina Faso,BFA,2003,1.81994
Burkina Faso,BFA,2004,2.93277
Burkina Faso,BFA,2005,4.54743
Burkina Faso,BFA,2006,7.07267
Burkina Faso,BFA,2007,12.5405
Burkina Faso,BFA,2008,19.82
Burkina Faso,BFA,2009,24.3387
Burkina Faso,BFA,2010,35.2848
Burkina Faso,BFA,2011,46.1058
Burkina Faso,BFA,2012,58.0942
Burkina Faso,BFA,2013,63.5243
Burkina Faso,BFA,2014,68.5396
Burkina Faso,BFA,2015,76.9373
Burkina Faso,BFA,2016,79.6698
Burkina Faso,BFA,2017,90.2081
Burkina Faso,BFA,2018,94.622
Burkina Faso,BFA,2019,97.1499
Burkina Faso,BFA,2020,102.973
Burkina Faso,BFA,2021,112.198
Burkina Faso,BFA,2022,119.463
Burundi,BDI,1980,0
Burundi,BDI,1981,0
Burundi,BDI,1982,0
Burundi,BDI,1983,0
Burundi,BDI,1984,0
Burundi,BDI,1985,0
Burundi,BDI,1986,0
Burundi,BDI,1987,0
Burundi,BDI,1988,0
Burundi,BDI,1989,0
Burundi,BDI,1990,0
Burundi,BDI,1991,0
Burundi,BDI,1992,0
Burundi,BDI,1993,0.006354384
Burundi,BDI,1994,0.006766423
Burundi,BDI,1995,0.0095065
Burundi,BDI,1996,0.009459562
Burundi,BDI,1997,0.010449264
Burundi,BDI,1998,0.010272826
Burundi,BDI,1999,0.012944607
Burundi,BDI,2000,0.252234
Burundi,BDI,2001,0.50368
Burundi,BDI,2002,0.762002
Burundi,BDI,2003,0.908684
Burundi,BDI,2004,1.37553
Burundi,BDI,2005,2.01653
Burundi,BDI,2006,2.54273
Burundi,BDI,2007,3.30806
Burundi,BDI,2008,5.65018
Burundi,BDI,2009,10.2904
Burundi,BDI,2010,17.8962
Burundi,BDI,2011,19.7015
Burundi,BDI,2012,22.3128
Burundi,BDI,2013,24.3007
Burundi,BDI,2014,29.5678
Burundi,BDI,2015,45.2379
Burundi,BDI,2016,47.6697
Burundi,BDI,2017,51.4533
Burundi,BDI,2018,53.2737
Burundi,BDI,2019,53.2996
Burundi,BDI,2020,52.5571
Burundi,BDI,2021,59.7008
Burundi,BDI,2022,56.26
Burundi,BDI,2023,63.1631
Cambodia,KHM,1980,0
Cambodia,KHM,1981,0
Cambodia,KHM,1982,0
Cambodia,KHM,1983,0
Cambodia,KHM,1984,0
Cambodia,KHM,1985,0
Cambodia,KHM,1986,0
Cambodia,KHM,1987,0
Cambodia,KHM,1988,0
Cambodia,KHM,1989,0
Cambodia,KHM,1990,0
Cambodia,KHM,1991,0
Cambodia,KHM,1992,0
Cambodia,KHM,1993,0.046956375
Cambodia,KHM,1994,0.0962642
Cambodia,KHM,1995,0.12912646
Cambodia,KHM,1996,0.20655282
Cambodia,KHM,1997,0.293538
Cambodia,KHM,1998,0.5257057
Cambodia,KHM,1999,0.74894494
Cambodia,KHM,2000,1.04753
Cambodia,KHM,2001,1.76528
Cambodia,KHM,2002,2.95599
Cambodia,KHM,2003,3.81878
Cambodia,KHM,2004,6.50447
Cambodia,KHM,2005,7.90225
Cambodia,KHM,2006,12.623
Cambodia,KHM,2007,18.6632
Cambodia,KHM,2008,30.1491
Cambodia,KHM,2009,43.9034
Cambodia,KHM,2010,56.2094
Cambodia,KHM,2011,93.4415
Cambodia,KHM,2012,127.835
Cambodia,KHM,2013,133.581
Cambodia,KHM,2014,132.833
Cambodia,KHM,2015,133.458
Cambodia,KHM,2016,125.628
Cambodia,KHM,2017,115.551
Cambodia,KHM,2018,119.31
Cambodia,KHM,2019,129.957
Cambodia,KHM,2020,126.076
Cambodia,KHM,2021,117.235
Cambodia,KHM,2022,113.392
Cambodia,KHM,2023,120.809
Cameroon,CMR,1980,0
Cameroon,CMR,1981,0
Cameroon,CMR,1982,0
Cameroon,CMR,1983,0
Cameroon,CMR,1984,0
Cameroon,CMR,1985,0
Cameroon,CMR,1986,0
Cameroon,CMR,1987,0
Cameroon,CMR,1988,0
Cameroon,CMR,1989,0
Cameroon,CMR,1990,0
Cameroon,CMR,1991,0
Cameroon,CMR,1992,0
Cameroon,CMR,1993,0
Cameroon,CMR,1994,0.012452465
Cameroon,CMR,1995,0.02119342
Cameroon,CMR,1996,0.025782073
Cameroon,CMR,1997,0.030126572
Cameroon,CMR,1998,0.03492938
Cameroon,CMR,1999,0.04081918
Cameroon,CMR,2000,0.692561
Cameroon,CMR,2001,2.72573
Cameroon,CMR,2002,4.46094
Cameroon,CMR,2003,6.66446
Cameroon,CMR,2004,9.21627
Cameroon,CMR,2005,13.1922
Cameroon,CMR,2006,17.8682
Cameroon,CMR,2007,25.1303
Cameroon,CMR,2008,33.1693
Cameroon,CMR,2009,41.8758
Cameroon,CMR,2010,43.9121
Cameroon,CMR,2011,51.831
Cameroon,CMR,2012,62.9907
Cameroon,CMR,2013,73.1912
Cameroon,CMR,2014,77.24
Cameroon,CMR,2015,79.7801
Cameroon,CMR,2016,79.8046
Cameroon,CMR,2017,83.4503
Cameroon,CMR,2018,74.3995
Cameroon,CMR,2019,83.9044
Cameroon,CMR,2020,85.2722
Cameroon,CMR,2021,80.8081
Cameroon,CMR,2022,89.8274
Cameroon,CMR,2023,96.4817
Canada,CAN,1980,0
Canada,CAN,1981,0
Canada,CAN,1982,0
Canada,CAN,1983,0
Canada,CAN,1984,0
Canada,CAN,1985,0.04643258
Canada,CAN,1986,0.2297436
Canada,CAN,1987,0.372071
Canada,CAN,1988,0.7556685
Canada,CAN,1989,1.2669684
Canada,CAN,1990,2.1107194
Canada,CAN,1991,2.7692661
Canada,CAN,1992,3.621504
Canada,CAN,1993,4.649694
Canada,CAN,1994,6.4378967
Canada,CAN,1995,8.8420315
Canada,CAN,1996,11.819277
Canada,CAN,1997,14.038198
Canada,CAN,1998,17.734394
Canada,CAN,1999,22.733843
Canada,CAN,2000,28.2502
Canada,CAN,2001,34.1166
Canada,CAN,2002,37.6464
Canada,CAN,2003,41.7477
Canada,CAN,2004,46.7437
Canada,CAN,2005,52.4553
Canada,CAN,2006,57.2331
Canada,CAN,2007,61.2755
Canada,CAN,2008,66.0481
Canada,CAN,2009,70.3945
Canada,CAN,2010,75.5197
Canada,CAN,2011,77.6723
Canada,CAN,2012,79.3757
Canada,CAN,2013,80.3549
Canada,CAN,2014,80.7902
Canada,CAN,2015,82.7674
Canada,CAN,2016,84.5919
Canada,CAN,2017,86.1024
Canada,CAN,2018,89.0495
Canada,CAN,2019,90.9589
Canada,CAN,2020,84.7748
Canada,CAN,2021,87.4056
Canada,CAN,2022,91.2387
Canada,CAN,2023,94.1497
Cape Verde,CPV,1980,0
Cape Verde,CPV,1981,0
Cape Verde,CPV,1982,0
Cape Verde,CPV,1983,0
Cape Verde,CPV,1984,0
Cape Verde,CPV,1985,0
Cape Verde,CPV,1986,0
Cape Verde,CPV,1987,0
Cape Verde,CPV,1988,0
Cape Verde,CPV,1989,0
Cape Verde,CPV,1990,0
Cape Verde,CPV,1991,0
Cape Verde,CPV,1992,0
Cape Verde,CPV,1993,0
Cape Verde,CPV,1994,0
Cape Verde,CPV,1995,0
Cape Verde,CPV,1996,0
Cape Verde,CPV,1997,0.004644099
Cape Verde,CPV,1998,0.23170549
Cape Verde,CPV,1999,1.7943763
Cape Verde,CPV,2000,4.35214
Cape Verde,CPV,2001,6.84499
Cape Verde,CPV,2002,9.19588
Cape Verde,CPV,2003,11.2683
Cape Verde,CPV,2004,13.7222
Cape Verde,CPV,2005,16.8457
Cape Verde,CPV,2006,22.183
Cape Verde,CPV,2007,30.6762
Cape Verde,CPV,2008,55.3839
Cape Verde,CPV,2009,57.419
Cape Verde,CPV,2010,72.9468
Cape Verde,CPV,2011,77.5113
Cape Verde,CPV,2012,83.0757
Cape Verde,CPV,2013,97.5075
Cape Verde,CPV,2014,119.724
Cape Verde,CPV,2015,119.336
Cape Verde,CPV,2016,117.442
Cape Verde,CPV,2017,119.374
Cape Verde,CPV,2018,118.876
Cape Verde,CPV,2019,115.868
Cape Verde,CPV,2020,105.839
Cape Verde,CPV,2021,114.231
Cape Verde,CPV,2022,113.247
Cape Verde,CPV,2023,113.023
Cayman Islands,CYM,1980,0
Cayman Islands,CYM,1981,0
Cayman Islands,CYM,1982,0
Cayman Islands,CYM,1983,0
Cayman Islands,CYM,1984,0
Cayman Islands,CYM,1985,0
Cayman Islands,CYM,1986,0
Cayman Islands,CYM,1990,0
Cayman Islands,CYM,1991,2.0446234
Cayman Islands,CYM,1992,3.4452698
Cayman Islands,CYM,1993,4.194687
Cayman Islands,CYM,1994,5.7705774
Cayman Islands,CYM,1995,7.7251387
Cayman Islands,CYM,1997,11.548947
Cayman Islands,CYM,1998,13.993396
Cayman Islands,CYM,1999,21.961092
Cayman Islands,CYM,2000,26.9698
Cayman Islands,CYM,2001,41.3736
Cayman Islands,CYM,2002,44.6912
Cayman Islands,CYM,2003,47.89
Cayman Islands,CYM,2004,74.5281
Cayman Islands,CYM,2005,173.004
Cayman Islands,CYM,2006,191.904
Cayman Islands,CYM,2007,204.273
Cayman Islands,CYM,2008,192.202
Cayman Islands,CYM,2009,206.581
Cayman Islands,CYM,2010,185.896
Cayman Islands,CYM,2011,174.041
Cayman Islands,CYM,2012,172.98
Cayman Islands,CYM,2013,167.14
Cayman Islands,CYM,2014,151.361
Cayman Islands,CYM,2015,151.267
Cayman Islands,CYM,2016,151.594
Cayman Islands,CYM,2017,149.773
Cayman Islands,CYM,2019,147.044
Cayman Islands,CYM,2020,145.594
Cayman Islands,CYM,2021,142.637
Cayman Islands,CYM,2022,139.315
Central African Republic,CAF,1980,0
Central African Republic,CAF,1981,0
Central African Republic,CAF,1982,0
Central African Republic,CAF,1983,0
Central African Republic,CAF,1984,0
Central African Republic,CAF,1985,0
Central African Republic,CAF,1986,0
Central African Republic,CAF,1987,0
Central African Republic,CAF,1988,0
Central African Republic,CAF,1989,0
Central African Republic,CAF,1990,0
Central African Republic,CAF,1991,0
Central African Republic,CAF,1992,0
Central African Republic,CAF,1993,0
Central African Republic,CAF,1994,0
Central African Republic,CAF,1995,0.001342812
Central African Republic,CAF,1996,0.03184117
Central African Republic,CAF,1997,0.03961287
Central African Republic,CAF,1998,0.045934476
Central African Republic,CAF,1999,0.1138602
Central African Republic,CAF,2000,0.129571
Central African Republic,CAF,2001,0.280649
Central African Republic,CAF,2002,0.314522
Central African Republic,CAF,2003,0.974876
Central African Republic,CAF,2004,1.43102
Central African Republic,CAF,2005,2.33165
Central African Republic,CAF,2006,2.5128
Central African Republic,CAF,2007,7.61859
Central African Republic,CAF,2008,12.5028
Central African Republic,CAF,2009,19.0689
Central African Republic,CAF,2010,21.7946
Central African Republic,CAF,2011,21.7402
Central African Republic,CAF,2012,24.7918
Central African Republic,CAF,2013,29.3015
Central African Republic,CAF,2014,24.9962
Central African Republic,CAF,2015,26.8397
Central African Republic,CAF,2016,26.4836
Central African Republic,CAF,2017,24.5204
Central African Republic,CAF,2018,26.2216
Central African Republic,CAF,2019,32.2627
Central African Republic,CAF,2020,36.426
Central African Republic,CAF,2021,35.817
Central African Republic,CAF,2022,38.8218
Chad,TCD,1980,0
Chad,TCD,1981,0
Chad,TCD,1982,0
Chad,TCD,1983,0
Chad,TCD,1984,0
Chad,TCD,1985,0
Chad,TCD,1986,0
Chad,TCD,1987,0
Chad,TCD,1988,0
Chad,TCD,1989,0
Chad,TCD,1990,0
Chad,TCD,1991,0
Chad,TCD,1992,0
Chad,TCD,1993,0
Chad,TCD,1994,0
Chad,TCD,1995,0
Chad,TCD,1996,0
Chad,TCD,1997,0
Chad,TCD,1998,0
Chad,TCD,1999,0
Chad,TCD,2000,0.064614
Chad,TCD,2001,0.249883
Chad,TCD,2002,0.375157
Chad,TCD,2003,0.685088
Chad,TCD,2004,1.23991
Chad,TCD,2005,2.03329
Chad,TCD,2006,4.35335
Chad,TCD,2007,8.28717
Chad,TCD,2008,13.9418
Chad,TCD,2009,19.1808
Chad,TCD,2010,23.3526
Chad,TCD,2011,28.739
Chad,TCD,2012,33.3229
Chad,TCD,2013,33.3154
Chad,TCD,2014,37.0123
Chad,TCD,2015,37.3153
Chad,TCD,2016,36.9556
Chad,TCD,2017,40.7649
Chad,TCD,2018,43.2279
Chad,TCD,2019,45.9379
Chad,TCD,2020,50.4343
Chad,TCD,2021,58.0323
Chad,TCD,2022,65.4378
Chad,TCD,2023,70.1874
Chile,CHL,1980,0
Chile,CHL,1981,0
Chile,CHL,1982,0
Chile,CHL,1983,0
Chile,CHL,1984,0
Chile,CHL,1985,0
Chile,CHL,1986,0
Chile,CHL,1987,0
Chile,CHL,1988,0
Chile,CHL,1989,0.037216406
Chile,CHL,1990,0.104332894
Chile,CHL,1991,0.26645145
Chile,CHL,1992,0.4675418
Chile,CHL,1993,0.6085416
Chile,CHL,1994,0.8141134
Chile,CHL,1995,1.3686397
Chile,CHL,1996,2.1858602
Chile,CHL,1997,2.766777
Chile,CHL,1998,6.4297166
Chile,CHL,1999,14.896059
Chile,CHL,2000,21.9402
Chile,CHL,2001,32.5225
Chile,CHL,2002,39.3766
Chile,CHL,2003,45.3566
Chile,CHL,2004,57.2138
Chile,CHL,2005,64.6505
Chile,CHL,2006,75.4174
Chile,CHL,2007,83.7065
Chile,CHL,2008,87.871
Chile,CHL,2009,96.7107
Chile,CHL,2010,115.545
Chile,CHL,2011,128.605
Chile,CHL,2012,136.656
Chile,CHL,2013,133.778
Chile,CHL,2014,132.56
Chile,CHL,2015,128.584
Chile,CHL,2016,127.565
Chile,CHL,2017,124.001
Chile,CHL,2018,133.27
Chile,CHL,2019,130.493
Chile,CHL,2020,129.414
Chile,CHL,2021,136.572
Chile,CHL,2022,135.114
Chile,CHL,2023,135.871
China,CHN,1980,0
China,CHN,1981,0
China,CHN,1982,0
China,CHN,1983,0
China,CHN,1984,0
China,CHN,1985,0
China,CHN,1986,0
China,CHN,1987,0.0000638
China,CHN,1988,0.000289186
China,CHN,1989,0.000864322
China,CHN,1990,0.001587842
China,CHN,1991,0.004061416
China,CHN,1992,0.014946866
China,CHN,1993,0.053350925
China,CHN,1994,0.12987801
China,CHN,1995,0.29791212
China,CHN,1996,0.5579261
China,CHN,1997,1.069073
China,CHN,1998,1.9138843
China,CHN,1999,3.44869
China,CHN,2000,6.7156
China,CHN,2001,11.3253
China,CHN,2002,16.0083
China,CHN,2003,20.8536
China,CHN,2004,25.7141
China,CHN,2005,30.0304
China,CHN,2006,34.9802
China,CHN,2007,41.2808
China,CHN,2008,48.0758
China,CHN,2009,55.6575
China,CHN,2010,63.5563
China,CHN,2011,72.5052
China,CHN,2012,81.2076
China,CHN,2013,89.1302
China,CHN,2014,92.6612
China,CHN,2015,92.5401
China,CHN,2016,97.2139
China,CHN,2017,104.073
China,CHN,2018,116.229
China,CHN,2019,122.67
China,CHN,2020,120.497
China,CHN,2021,121.492
China,CHN,2022,124.195
China,CHN,2023,128.247
Colombia,COL,1980,0
Colombia,COL,1981,0
Colombia,COL,1982,0
Colombia,COL,1983,0
Colombia,COL,1984,0
Colombia,COL,1985,0
Colombia,COL,1986,0
Colombia,COL,1987,0
Colombia,COL,1988,0
Colombia,COL,1989,0
Colombia,COL,1990,0
Colombia,COL,1991,0
Colombia,COL,1992,0
Colombia,COL,1993,0
Colombia,COL,1994,0.24593814
Colombia,COL,1995,0.763384
Colombia,COL,1996,1.4273008
Colombia,COL,1997,3.3915179
Colombia,COL,1998,4.744385
Colombia,COL,1999,5.0966263
Colombia,COL,2000,5.77336
Colombia,COL,2001,8.22292
Colombia,COL,2002,11.399
Colombia,COL,2003,15.1114
Colombia,COL,2004,25.0356
Colombia,COL,2005,51.8645
Colombia,COL,2006,69.7165
Colombia,COL,2007,78.5031
Colombia,COL,2008,94.529
Colombia,COL,2009,95.2296
Colombia,COL,2010,99.3308
Colombia,COL,2011,102.079
Colombia,COL,2012,107.329
Colombia,COL,2013,108.978
Colombia,COL,2014,118.823
Colombia,COL,2015,122.051
Colombia,COL,2016,123.71
Colombia,COL,2017,129.272
Colombia,COL,2018,131.595
Colombia,COL,2019,132.811
Colombia,COL,2020,133.661
Colombia,COL,2021,146.628
Colombia,COL,2022,156.195
Colombia,COL,2023,166.98
Comoros,COM,1980,0
Comoros,COM,1981,0
Comoros,COM,1982,0
Comoros,COM,1983,0
Comoros,COM,1984,0
Comoros,COM,1985,0
Comoros,COM,1986,0
Comoros,COM,1987,0
Comoros,COM,1988,0
Comoros,COM,1989,0
Comoros,COM,1990,0
Comoros,COM,1991,0
Comoros,COM,1992,0
Comoros,COM,1993,0
Comoros,COM,1994,0
Comoros,COM,1995,0
Comoros,COM,1996,0
Comoros,COM,1997,0
Comoros,COM,1998,0
Comoros,COM,1999,0
Comoros,COM,2000,0
Comoros,COM,2001,0
Comoros,COM,2002,0
Comoros,COM,2003,0.351002
Comoros,COM,2004,1.44273
Comoros,COM,2005,2.61913
Comoros,COM,2006,6.09786
Comoros,COM,2007,10.0667
Comoros,COM,2008,14.5781
Comoros,COM,2009,19.0975
Comoros,COM,2010,25.2396
Comoros,COM,2011,32.3982
Comoros,COM,2012,41.5931
Comoros,COM,2013,49.9144
Comoros,COM,2014,53.8297
Comoros,COM,2015,58.4556
Comoros,COM,2016,61.2598
Comoros,COM,2017,61.9708
Comoros,COM,2018,64.6591
Comoros,COM,2019,73.1292
Comoros,COM,2020,97.4339
Comoros,COM,2021,104.311
Comoros,COM,2022,100.549
Comoros,COM,2023,109.856
Congo,COG,1980,0
Congo,COG,1981,0
Congo,COG,1982,0
Congo,COG,1983,0
Congo,COG,1984,0
Congo,COG,1985,0
Congo,COG,1986,0
Congo,COG,1987,0
Congo,COG,1988,0
Congo,COG,1989,0
Congo,COG,1990,0
Congo,COG,1991,0
Congo,COG,1992,0
Congo,COG,1993,0
Congo,COG,1994,0
Congo,COG,1995,0
Congo,COG,1996,0.03550386
Congo,COG,1998,0.115417376
Congo,COG,1999,0.16574627
Congo,COG,2000,2.22127
Congo,COG,2001,4.5836
Congo,COG,2002,6.61937
Congo,COG,2003,9.57701
Congo,COG,2004,10.76
Congo,COG,2005,15.101
Congo,COG,2006,23.9093
Congo,COG,2007,32.349
Congo,COG,2008,43.9283
Congo,COG,2009,68.866
Congo,COG,2010,83.3372
Congo,COG,2011,84.2731
Congo,COG,2012,90.3529
Congo,COG,2013,95.9371
Congo,COG,2014,99.08
Congo,COG,2015,102.323
Congo,COG,2016,103.858
Congo,COG,2017,94.4868
Congo,COG,2018,91.189
Congo,COG,2019,91.0654
Congo,COG,2020,97.6561
Congo,COG,2021,95.8615
Congo,COG,2022,93.6259
Congo,COG,2023,94.8715
Costa Rica,CRI,1980,0
Costa Rica,CRI,1981,0
Costa Rica,CRI,1982,0
Costa Rica,CRI,1983,0
Costa Rica,CRI,1984,0
Costa Rica,CRI,1985,0
Costa Rica,CRI,1986,0
Costa Rica,CRI,1987,0
Costa Rica,CRI,1988,0
Costa Rica,CRI,1989,0
Costa Rica,CRI,1990,0
Costa Rica,CRI,1991,0
Costa Rica,CRI,1992,0.0905495
Costa Rica,CRI,1993,0.1331132
Costa Rica,CRI,1994,0.20019192
Costa Rica,CRI,1995,0.5247902
Costa Rica,CRI,1996,1.2726483
Costa Rica,CRI,1997,1.7218436
Costa Rica,CRI,1998,2.8463225
Costa Rica,CRI,1999,3.541727
Costa Rica,CRI,2000,5.374
Costa Rica,CRI,2001,8.15536
Costa Rica,CRI,2002,12.3286
Costa Rica,CRI,2003,18.805
Costa Rica,CRI,2004,21.9778
Costa Rica,CRI,2005,25.8447
Costa Rica,CRI,2006,33.409
Costa Rica,CRI,2007,34.4323
Costa Rica,CRI,2008,42.4898
Costa Rica,CRI,2009,43.3424
Costa Rica,CRI,2010,68.6655
Costa Rica,CRI,2011,90.0915
Costa Rica,CRI,2012,115.312
Costa Rica,CRI,2013,150.801
Costa Rica,CRI,2014,147.267
Costa Rica,CRI,2015,156.404
Costa Rica,CRI,2016,171.166
Costa Rica,CRI,2017,179.931
Costa Rica,CRI,2018,171.357
Costa Rica,CRI,2019,146.212
Costa Rica,CRI,2020,149.223
Costa Rica,CRI,2021,154.831
Costa Rica,CRI,2022,154.989
Costa Rica,CRI,2023,145.789
Cote d'Ivoire,CIV,1980,0
Cote d'Ivoire,CIV,1981,0
Cote d'Ivoire,CIV,1982,0
Cote d'Ivoire,CIV,1983,0
Cote d'Ivoire,CIV,1984,0
Cote d'Ivoire,CIV,1985,0
Cote d'Ivoire,CIV,1986,0
Cote d'Ivoire,CIV,1987,0
Cote d'Ivoire,CIV,1988,0
Cote d'Ivoire,CIV,1989,0
Cote d'Ivoire,CIV,1990,0
Cote d'Ivoire,CIV,1991,0
Cote d'Ivoire,CIV,1992,0
Cote d'Ivoire,CIV,1993,0
Cote d'Ivoire,CIV,1994,0
Cote d'Ivoire,CIV,1995,0
Cote d'Ivoire,CIV,1996,0.09147964
Cote d'Ivoire,CIV,1997,0.23475014
Cote d'Ivoire,CIV,1998,0.5751438
Cote d'Ivoire,CIV,1999,1.5730801
Cote d'Ivoire,CIV,2000,2.6722
Cote d'Ivoire,CIV,2001,4.00764
Cote d'Ivoire,CIV,2002,5.5056
Cote d'Ivoire,CIV,2003,6.69626
Cote d'Ivoire,CIV,2004,8.54469
Cote d'Ivoire,CIV,2005,11.7071
Cote d'Ivoire,CIV,2006,19.7861
Cote d'Ivoire,CIV,2007,35.5088
Cote d'Ivoire,CIV,2008,48.5676
Cote d'Ivoire,CIV,2009,59.9343
Cote d'Ivoire,CIV,2010,69.3659
Cote d'Ivoire,CIV,2011,75.4688
Cote d'Ivoire,CIV,2012,77.1273
Cote d'Ivoire,CIV,2013,80.9987
Cote d'Ivoire,CIV,2014,90.122
Cote d'Ivoire,CIV,2015,100.639
Cote d'Ivoire,CIV,2016,105.625
Cote d'Ivoire,CIV,2017,118.755
Cote d'Ivoire,CIV,2018,123.098
Cote d'Ivoire,CIV,2019,132.574
Cote d'Ivoire,CIV,2020,138.664
Cote d'Ivoire,CIV,2021,150.344
Cote d'Ivoire,CIV,2022,161.232
Cote d'Ivoire,CIV,2023,171.989
Croatia,HRV,1980,0
Croatia,HRV,1981,0
Croatia,HRV,1982,0
Croatia,HRV,1983,0
Croatia,HRV,1984,0
Croatia,HRV,1985,0
Croatia,HRV,1986,0
Croatia,HRV,1987,0
Croatia,HRV,1988,0
Croatia,HRV,1989,0
Croatia,HRV,1990,0.004924384
Croatia,HRV,1991,0.041675936
Croatia,HRV,1992,0.13171273
Croatia,HRV,1993,0.23750095
Croatia,HRV,1994,0.44951412
Croatia,HRV,1995,0.7007967
Croatia,HRV,1996,1.3647422
Croatia,HRV,1997,2.5559428
Croatia,HRV,1998,3.916366
Croatia,HRV,1999,6.4056225
Croatia,HRV,2000,23.8783
Croatia,HRV,2001,40.8038
Croatia,HRV,2002,53.7092
Croatia,HRV,2003,58.9154
Croatia,HRV,2004,65.788
Croatia,HRV,2005,84.6024
Croatia,HRV,2006,101.84
Croatia,HRV,2007,116.651
Croatia,HRV,2008,105.566
Croatia,HRV,2009,108.456
Croatia,HRV,2010,114.582
Croatia,HRV,2011,119.49
Croatia,HRV,2012,116.719
Croatia,HRV,2013,111.282
Croatia,HRV,2014,105.732
Croatia,HRV,2015,105.544
Croatia,HRV,2016,106.718
Croatia,HRV,2017,105.795
Croatia,HRV,2018,109.034
Croatia,HRV,2019,110.494
Croatia,HRV,2020,110.666
Croatia,HRV,2021,112.169
Croatia,HRV,2022,114.677
Croatia,HRV,2023,117.113
Cuba,CUB,1980,0
Cuba,CUB,1981,0
Cuba,CUB,1982,0
Cuba,CUB,1983,0
Cuba,CUB,1984,0
Cuba,CUB,1985,0
Cuba,CUB,1986,0
Cuba,CUB,1987,0
Cuba,CUB,1988,0
Cuba,CUB,1989,0
Cuba,CUB,1990,0
Cuba,CUB,1991,0
Cuba,CUB,1992,0.002169932
Cuba,CUB,1993,0.004612149
Cuba,CUB,1994,0.010581227
Cuba,CUB,1995,0.017745517
Cuba,CUB,1996,0.022138039
Cuba,CUB,1997,0.027222812
Cuba,CUB,1998,0.036759913
Cuba,CUB,1999,0.04639527
Cuba,CUB,2000,0.0588346
Cuba,CUB,2001,0.0769822
Cuba,CUB,2002,0.159706
Cuba,CUB,2003,0.315414
Cuba,CUB,2004,0.674425
Cuba,CUB,2005,1.2034
Cuba,CUB,2006,1.35403
Cuba,CUB,2007,1.75642
Cuba,CUB,2008,2.93786
Cuba,CUB,2009,5.49953
Cuba,CUB,2010,8.87827
Cuba,CUB,2011,11.6368
Cuba,CUB,2012,14.8776
Cuba,CUB,2013,17.6639
Cuba,CUB,2014,22.4243
Cuba,CUB,2015,29.5816
Cuba,CUB,2016,35.3989
Cuba,CUB,2017,41.0193
Cuba,CUB,2018,47.8602
Cuba,CUB,2019,53.9383
Cuba,CUB,2020,59.6059
Cuba,CUB,2021,63.8661
Cuba,CUB,2022,68.718
Cuba,CUB,2023,69.5768
Curacao,CUW,2009,129.053
Curacao,CUW,2010,130.052
Curacao,CUW,2011,130.1
Curacao,CUW,2012,127.231
Curacao,CUW,2013,124.764
Curacao,CUW,2014,116.689
Curacao,CUW,2015,114.331
Curacao,CUW,2016,111.242
Curacao,CUW,2017,111.078
Curacao,CUW,2018,102.647
Curacao,CUW,2019,97.2001
Curacao,CUW,2020,91.883
Curacao,CUW,2021,90.6602
Curacao,CUW,2022,92.7325
Curacao,CUW,2023,93.7976
Cyprus,CYP,1980,0
Cyprus,CYP,1981,0
Cyprus,CYP,1982,0
Cyprus,CYP,1983,0
Cyprus,CYP,1984,0
Cyprus,CYP,1985,0
Cyprus,CYP,1986,0
Cyprus,CYP,1987,0
Cyprus,CYP,1988,0.030037547
Cyprus,CYP,1989,0.23753303
Cyprus,CYP,1990,0.5447014
Cyprus,CYP,1991,0.8624979
Cyprus,CYP,1992,1.5949886
Cyprus,CYP,1993,2.442953
Cyprus,CYP,1994,3.5896714
Cyprus,CYP,1995,6.7732744
Cyprus,CYP,1996,10.6229925
Cyprus,CYP,1997,13.620853
Cyprus,CYP,1998,17.049202
Cyprus,CYP,1999,21.962202
Cyprus,CYP,2000,31.3009
Cyprus,CYP,2001,44.5578
Cyprus,CYP,2002,58.5586
Cyprus,CYP,2003,76.3248
Cyprus,CYP,2004,89.8
Cyprus,CYP,2005,105.175
Cyprus,CYP,2006,114.499
Cyprus,CYP,2007,127.294
Cyprus,CYP,2008,127.587
Cyprus,CYP,2009,119.341
Cyprus,CYP,2010,123.133
Cyprus,CYP,2011,126.56
Cyprus,CYP,2012,128.298
Cyprus,CYP,2013,128.161
Cyprus,CYP,2014,131.145
Cyprus,CYP,2015,130.982
Cyprus,CYP,2016,132.637
Cyprus,CYP,2017,136.172
Cyprus,CYP,2018,137.045
Cyprus,CYP,2019,139.994
Cyprus,CYP,2020,138.388
Cyprus,CYP,2021,145.992
Cyprus,CYP,2022,151.241
Cyprus,CYP,2023,155.696
Czechia,CZE,1980,0
Czechia,CZE,1981,0
Czechia,CZE,1982,0
Czechia,CZE,1983,0
Czechia,CZE,1984,0
Czechia,CZE,1985,0
Czechia,CZE,1986,0
Czechia,CZE,1987,0
Czechia,CZE,1988,0
Czechia,CZE,1989,0
Czechia,CZE,1990,0
Czechia,CZE,1991,0.012054318
Czechia,CZE,1992,0.04510736
Czechia,CZE,1993,0.13608988
Czechia,CZE,1994,0.29481745
Czechia,CZE,1995,0.47421852
Czechia,CZE,1996,1.9456273
Czechia,CZE,1997,5.1205053
Czechia,CZE,1998,9.406584
Czechia,CZE,1999,18.972828
Czechia,CZE,2000,42.4547
Czechia,CZE,2001,67.8967
Czechia,CZE,2002,84.0881
Czechia,CZE,2003,94.7289
Czechia,CZE,2004,105.078
Czechia,CZE,2005,114.55
Czechia,CZE,2006,120.395
Czechia,CZE,2007,127.967
Czechia,CZE,2008,132.779
Czechia,CZE,2009,125.349
Czechia,CZE,2010,123.605
Czechia,CZE,2011,125.46
Czechia,CZE,2012,128.69
Czechia,CZE,2013,130.521
Czechia,CZE,2014,132.289
Czechia,CZE,2015,118.34
Czechia,CZE,2016,118.544
Czechia,CZE,2017,119.874
Czechia,CZE,2018,120.432
Czechia,CZE,2019,124.126
Czechia,CZE,2020,123.219
Czechia,CZE,2021,126.173
Czechia,CZE,2022,128.105
Czechia,CZE,2023,126.005
Democratic Republic of Congo,COD,1980,0
Democratic Republic of Congo,COD,1981,0
Democratic Republic of Congo,COD,1982,0
Democratic Republic of Congo,COD,1983,0
Democratic Republic of Congo,COD,1984,0
Democratic Republic of Congo,COD,1985,0
Democratic Republic of Congo,COD,1986,0
Democratic Republic of Congo,COD,1987,0
Democratic Republic of Congo,COD,1988,0
Democratic Republic of Congo,COD,1989,0
Democratic Republic of Congo,COD,1990,0
Democratic Republic of Congo,COD,1991,0
Democratic Republic of Congo,COD,1995,0.019636927
Democratic Republic of Congo,COD,1996,0.016319606
Democratic Republic of Congo,COD,1997,0.019856233
Democratic Republic of Congo,COD,1998,0.021788618
Democratic Republic of Congo,COD,1999,0.025409065
Democratic Republic of Congo,COD,2000,0.0296986
Democratic Republic of Congo,COD,2001,0.287728
Democratic Republic of Congo,COD,2002,1.04185
Democratic Republic of Congo,COD,2003,2.25179
Democratic Republic of Congo,COD,2004,3.49263
Democratic Republic of Congo,COD,2005,4.67216
Democratic Republic of Congo,COD,2006,7.28434
Democratic Republic of Congo,COD,2007,10.551
Democratic Republic of Congo,COD,2008,15.4333
Democratic Republic of Congo,COD,2009,14.2422
Democratic Republic of Congo,COD,2010,17.2401
Democratic Republic of Congo,COD,2011,22.0819
Democratic Republic of Congo,COD,2012,27.4285
Democratic Republic of Congo,COD,2013,37.2505
Democratic Republic of Congo,COD,2014,47.3232
Democratic Republic of Congo,COD,2015,46.5879
Democratic Republic of Congo,COD,2016,34.4099
Democratic Republic of Congo,COD,2017,40.6223
Democratic Republic of Congo,COD,2018,40.5014
Democratic Republic of Congo,COD,2019,39.94
Democratic Republic of Congo,COD,2020,42.5028
Democratic Republic of Congo,COD,2021,47.2883
Democratic Republic of Congo,COD,2022,48.6774
Democratic Republic of Congo,COD,2023,53.1889
Denmark,DNK,1980,0
Denmark,DNK,1981,0
Denmark,DNK,1982,0.1404495
Denmark,DNK,1983,0.3141873
Denmark,DNK,1984,0.5975029
Denmark,DNK,1985,0.900487
Denmark,DNK,1986,1.1252168
Denmark,DNK,1987,1.5118978
Denmark,DNK,1988,1.9796505
Denmark,DNK,1989,2.4112523
Denmark,DNK,1990,2.8810658
Denmark,DNK,1991,3.4108553
Denmark,DNK,1992,4.0781426
Denmark,DNK,1993,6.884952
Denmark,DNK,1994,9.6570635
Denmark,DNK,1995,15.706461
Denmark,DNK,1996,25.049276
Denmark,DNK,1997,27.362354
Denmark,DNK,1998,36.4428
Denmark,DNK,1999,49.410847
Denmark,DNK,2000,62.9919
Denmark,DNK,2001,73.8998
Denmark,DNK,2002,83.2922
Denmark,DNK,2003,88.4332
Denmark,DNK,2004,95.6022
Denmark,DNK,2005,100.547
Denmark,DNK,2006,107.186
Denmark,DNK,2007,115.497
Denmark,DNK,2008,119.353
Denmark,DNK,2009,123.727
Denmark,DNK,2010,115.734
Denmark,DNK,2011,128.763
Denmark,DNK,2012,130.416
Denmark,DNK,2013,125.213
Denmark,DNK,2014,126.869
Denmark,DNK,2015,124.554
Denmark,DNK,2016,121.941
Denmark,DNK,2017,123.862
Denmark,DNK,2018,124.55
Denmark,DNK,2019,124.573
Denmark,DNK,2020,124.37
Denmark,DNK,2021,125.604
Denmark,DNK,2022,126.484
Denmark,DNK,2023,126.919
Djibouti,DJI,1980,0
Djibouti,DJI,1981,0
Djibouti,DJI,1982,0
Djibouti,DJI,1983,0
Djibouti,DJI,1984,0
Djibouti,DJI,1985,0
Djibouti,DJI,1986,0
Djibouti,DJI,1987,0
Djibouti,DJI,1988,0
Djibouti,DJI,1989,0
Djibouti,DJI,1990,0
Djibouti,DJI,1991,0
Djibouti,DJI,1992,0
Djibouti,DJI,1993,0
Djibouti,DJI,1994,0
Djibouti,DJI,1995,0
Djibouti,DJI,1996,0.017063549
Djibouti,DJI,1997,0.03039896
Djibouti,DJI,1998,0.03165832
Djibouti,DJI,1999,0.03892289
Djibouti,DJI,2000,0.0307767
Djibouti,DJI,2001,0.388947
Djibouti,DJI,2002,1.88543
Djibouti,DJI,2003,2.82722
Djibouti,DJI,2004,4.17395
Djibouti,DJI,2005,5.24961
Djibouti,DJI,2006,5.23707
Djibouti,DJI,2007,7.9516
Djibouti,DJI,2008,12.6407
Djibouti,DJI,2009,14.1275
Djibouti,DJI,2010,17.803
Djibouti,DJI,2011,20.3518
Djibouti,DJI,2012,21.9776
Djibouti,DJI,2013,24.7885
Djibouti,DJI,2014,28.6271
Djibouti,DJI,2015,30.8092
Djibouti,DJI,2016,33.2718
Djibouti,DJI,2017,35.3657
Djibouti,DJI,2018,36.8545
Djibouti,DJI,2019,38.0144
Djibouti,DJI,2020,39.2725
Djibouti,DJI,2021,43.6424
Djibouti,DJI,2022,46.7771
Djibouti,DJI,2023,48.4505
Dominica,DMA,1980,0
Dominica,DMA,1981,0
Dominica,DMA,1982,0
Dominica,DMA,1983,0
Dominica,DMA,1984,0
Dominica,DMA,1985,0
Dominica,DMA,1986,0
Dominica,DMA,1987,0
Dominica,DMA,1988,0
Dominica,DMA,1989,0
Dominica,DMA,1990,0
Dominica,DMA,1991,0
Dominica,DMA,1992,0
Dominica,DMA,1993,0
Dominica,DMA,1994,0
Dominica,DMA,1995,0
Dominica,DMA,1996,0.6665124
Dominica,DMA,1997,0.80485225
Dominica,DMA,1998,0.9428762
Dominica,DMA,1999,1.1645172
Dominica,DMA,2000,1.75154
Dominica,DMA,2001,11.2904
Dominica,DMA,2002,17.8054
Dominica,DMA,2003,34.7084
Dominica,DMA,2004,60.9448
Dominica,DMA,2005,75.654
Dominica,DMA,2006,103.915
Dominica,DMA,2007,129.272
Dominica,DMA,2008,132.164
Dominica,DMA,2009,143.036
Dominica,DMA,2010,153.309
Dominica,DMA,2011,157.74
Dominica,DMA,2012,158.135
Dominica,DMA,2013,134.225
Dominica,DMA,2014,104.992
Dominica,DMA,2015,109.72
Dominica,DMA,2016,112.697
Dominica,DMA,2017,109.831
Dominica,DMA,2018,112.682
Dominica,DMA,2019,115.103
Dominica,DMA,2020,110.409
Dominica,DMA,2021,92.5136
Dominica,DMA,2022,85.1899
Dominican Republic,DOM,1980,0
Dominican Republic,DOM,1981,0
Dominican Republic,DOM,1982,0
Dominican Republic,DOM,1983,0
Dominican Republic,DOM,1984,0
Dominican Republic,DOM,1985,0
Dominican Republic,DOM,1986,0
Dominican Republic,DOM,1990,0.044410132
Dominican Republic,DOM,1991,0.077008665
Dominican Republic,DOM,1992,0.09680451
Dominican Republic,DOM,1993,0.13679908
Dominican Republic,DOM,1994,0.27175272
Dominican Republic,DOM,1995,0.7113184
Dominican Republic,DOM,1996,1.0302517
Dominican Republic,DOM,1997,1.737309
Dominican Republic,DOM,1998,2.5281432
Dominican Republic,DOM,1999,5.0459533
Dominican Republic,DOM,2000,8.21779
Dominican Republic,DOM,2001,14.5647
Dominican Republic,DOM,2002,19.2111
Dominican Republic,DOM,2003,23.2936
Dominican Republic,DOM,2004,27.8319
Dominican Republic,DOM,2005,39.2767
Dominican Republic,DOM,2006,49.3049
Dominican Republic,DOM,2007,58.3022
Dominican Republic,DOM,2008,75.32
Dominican Republic,DOM,2009,89.0106
Dominican Republic,DOM,2010,90.5563
Dominican Republic,DOM,2011,88.1874
Dominican Republic,DOM,2012,88.7173
Dominican Republic,DOM,2013,90.2547
Dominican Republic,DOM,2014,80.4955
Dominican Republic,DOM,2015,84.3066
Dominican Republic,DOM,2016,82.5303
Dominican Republic,DOM,2017,82.2092
Dominican Republic,DOM,2018,82.8937
Dominican Republic,DOM,2019,82.1376
Dominican Republic,DOM,2020,81.6619
Dominican Republic,DOM,2021,87.5208
Dominican Republic,DOM,2022,90.376
Dominican Republic,DOM,2023,91.8676
East Asia and Pacific (WB),WB_EAP,1980,0
East Asia and Pacific (WB),WB_EAP,1981,0.0008382113
East Asia and Pacific (WB),WB_EAP,1982,0.0012293532
East Asia and Pacific (WB),WB_EAP,1983,0.0016607061
East Asia and Pacific (WB),WB_EAP,1984,0.00266234
East Asia and Pacific (WB),WB_EAP,1985,0.004181457
East Asia and Pacific (WB),WB_EAP,1986,0.00748051
East Asia and Pacific (WB),WB_EAP,1987,0.012956066
East Asia and Pacific (WB),WB_EAP,1988,0.023841744
East Asia and Pacific (WB),WB_EAP,1989,0.050288614
East Asia and Pacific (WB),WB_EAP,1990,0.089548275
East Asia and Pacific (WB),WB_EAP,1991,0.14717586
East Asia and Pacific (WB),WB_EAP,1992,0.21479163
East Asia and Pacific (WB),WB_EAP,1993,0.31546947
East Asia and Pacific (WB),WB_EAP,1994,0.5821448
East Asia and Pacific (WB),WB_EAP,1995,1.259011
East Asia and Pacific (WB),WB_EAP,1996,2.496643
East Asia and Pacific (WB),WB_EAP,1997,3.7560098
East Asia and Pacific (WB),WB_EAP,1998,5.33482
East Asia and Pacific (WB),WB_EAP,1999,7.8745303
East Asia and Pacific (WB),WB_EAP,2000,11.464784
East Asia and Pacific (WB),WB_EAP,2001,15.904511
East Asia and Pacific (WB),WB_EAP,2002,20.432045
East Asia and Pacific (WB),WB_EAP,2003,24.864132
East Asia and Pacific (WB),WB_EAP,2004,29.755835
East Asia and Pacific (WB),WB_EAP,2005,34.23666
East Asia and Pacific (WB),WB_EAP,2006,39.664413
East Asia and Pacific (WB),WB_EAP,2007,48.251396
East Asia and Pacific (WB),WB_EAP,2008,57.334057
East Asia and Pacific (WB),WB_EAP,2009,65.18143
East Asia and Pacific (WB),WB_EAP,2010,73.97701
East Asia and Pacific (WB),WB_EAP,2011,83.52002
East Asia and Pacific (WB),WB_EAP,2012,91.84416
East Asia and Pacific (WB),WB_EAP,2013,98.42559
East Asia and Pacific (WB),WB_EAP,2014,103.473045
East Asia and Pacific (WB),WB_EAP,2015,103.7
East Asia and Pacific (WB),WB_EAP,2016,109.8
East Asia and Pacific (WB),WB_EAP,2017,115.9
East Asia and Pacific (WB),WB_EAP,2018,120.7
East Asia and Pacific (WB),WB_EAP,2019,128.1
East Asia and Pacific (WB),WB_EAP,2020,126.1
East Asia and Pacific (WB),WB_EAP,2021,127.6
East Asia and Pacific (WB),WB_EAP,2022,128.7
East Asia and Pacific (WB),WB_EAP,2023,130.9
East Asia and Pacific (WB),WB_EAP,2024,132.9
East Asia and Pacific (WB),WB_EAP,2025,135.1
East Timor,TLS,1990,0
East Timor,TLS,2003,2.18764
East Timor,TLS,2004,2.76856
East Timor,TLS,2005,3.48746
East Timor,TLS,2006,5.02766
East Timor,TLS,2007,7.78345
East Timor,TLS,2008,12.1076
East Timor,TLS,2009,33.141
East Timor,TLS,2010,43.6092
East Timor,TLS,2011,55.3186
East Timor,TLS,2012,54.7192
East Timor,TLS,2013,56.0976
East Timor,TLS,2014,116.401
East Timor,TLS,2015,114.234
East Timor,TLS,2016,121.478
East Timor,TLS,2017,124.36
East Timor,TLS,2018,115.089
East Timor,TLS,2019,109.555
East Timor,TLS,2020,103.911
East Timor,TLS,2021,102.669
East Timor,TLS,2022,108.158
East Timor,TLS,2023,112.647
Ecuador,ECU,1980,0
Ecuador,ECU,1981,0
Ecuador,ECU,1982,0
Ecuador,ECU,1983,0
Ecuador,ECU,1984,0
Ecuador,ECU,1985,0
Ecuador,ECU,1986,0
Ecuador,ECU,1987,0
Ecuador,ECU,1988,0
Ecuador,ECU,1989,0
Ecuador,ECU,1990,0
Ecuador,ECU,1991,0
Ecuador,ECU,1992,0
Ecuador,ECU,1993,0
Ecuador,ECU,1994,0.16673052
Ecuador,ECU,1995,0.47034678
Ecuador,ECU,1996,0.5076677
Ecuador,ECU,1997,1.0552778
Ecuador,ECU,1998,1.9903122
Ecuador,ECU,1999,3.0872025
Ecuador,ECU,2000,3.80018
Ecuador,ECU,2001,6.65455
Ecuador,ECU,2002,11.8801
Ecuador,ECU,2003,17.9338
Ecuador,ECU,2004,26.0434
Ecuador,ECU,2005,45.1124
Ecuador,ECU,2006,60.2369
Ecuador,ECU,2007,69.3707
Ecuador,ECU,2008,80.1668
Ecuador,ECU,2009,89.3147
Ecuador,ECU,2010,98.0369
Ecuador,ECU,2011,100.042
Ecuador,ECU,2012,105.68
Ecuador,ECU,2013,105.182
Ecuador,ECU,2014,103.559
Ecuador,ECU,2015,79.5746
Ecuador,ECU,2016,84.1088
Ecuador,ECU,2017,87.4214
Ecuador,ECU,2018,92.5118
Ecuador,ECU,2019,91.4249
Ecuador,ECU,2020,88.2555
Ecuador,ECU,2021,94.9506
Ecuador,ECU,2022,98.1309
Ecuador,ECU,2023,101.032
Egypt,EGY,1980,0
Egypt,EGY,1981,0
Egypt,EGY,1982,0
Egypt,EGY,1983,0
Egypt,EGY,1984,0
Egypt,EGY,1985,0
Egypt,EGY,1986,0
Egypt,EGY,1987,0.004971488
Egypt,EGY,1988,0.005563695
Egypt,EGY,1989,0.006489636
Egypt,EGY,1990,0.006991219
Egypt,EGY,1991,0.007677735
Egypt,EGY,1992,0.008189815
Egypt,EGY,1993,0.011203574
Egypt,EGY,1994,0.011741777
Egypt,EGY,1995,0.011482554
Egypt,EGY,1996,0.011239195
Egypt,EGY,1997,0.09758824
Egypt,EGY,1998,0.13263884
Egypt,EGY,1999,0.68801105
Egypt,EGY,2000,1.86075
Egypt,EGY,2001,3.74243
Egypt,EGY,2002,5.89553
Egypt,EGY,2003,7.44671
Egypt,EGY,2004,9.61664
Egypt,EGY,2005,16.8057
Egypt,EGY,2006,21.7666
Egypt,EGY,2007,35.7084
Egypt,EGY,2008,48.0833
Egypt,EGY,2009,63.2585
Egypt,EGY,2010,79.2199
Egypt,EGY,2011,91.5823
Egypt,EGY,2012,103.905
Egypt,EGY,2013,104.585
Egypt,EGY,2014,97.7313
Egypt,EGY,2015,94.3962
Egypt,EGY,2016,96.2092
Egypt,EGY,2017,99.2884
Egypt,EGY,2018,88.7421
Egypt,EGY,2019,88.6448
Egypt,EGY,2020,87.2317
Egypt,EGY,2021,84.0866
Egypt,EGY,2022,90.6795
Egypt,EGY,2023,92.8262
El Salvador,SLV,1980,0
El Salvador,SLV,1981,0
El Salvador,SLV,1982,0
El Salvador,SLV,1983,0
El Salvador,SLV,1984,0
El Salvador,SLV,1985,0
El Salvador,SLV,1986,0
El Salvador,SLV,1987,0
El Salvador,SLV,1988,0
El Salvador,SLV,1989,0
El Salvador,SLV,1990,0
El Salvador,SLV,1991,0
El Salvador,SLV,1992,0
El Salvador,SLV,1993,0.028982487
El Salvador,SLV,1994,0.08550795
El Salvador,SLV,1995,0.23442137
El Salvador,SLV,1996,0.40140483
El Salvador,SLV,1997,0.6874121
El Salvador,SLV,1998,2.3298566
El Salvador,SLV,1999,8.632305
El Salvador,SLV,2000,12.5119
El Salvador,SLV,2001,14.3729
El Salvador,SLV,2002,14.8467
El Salvador,SLV,2003,19.1676
El Salvador,SLV,2004,30.5192
El Salvador,SLV,2005,40.1585
El Salvador,SLV,2006,64.1687
El Salvador,SLV,2007,102.122
El Salvador,SLV,2008,115.282
El Salvador,SLV,2009,125.097
El Salvador,SLV,2010,126.896
El Salvador,SLV,2011,136.551
El Salvador,SLV,2012,141.463
El Salvador,SLV,2013,146.476
El Salvador,SLV,2014,149.171
El Salvador,SLV,2015,150.948
El Salvador,SLV,2016,155.42
El Salvador,SLV,2017,152.539
El Salvador,SLV,2018,151.669
El Salvador,SLV,2019,167.089
El Salvador,SLV,2020,159.575
El Salvador,SLV,2021,176.973
El Salvador,SLV,2022,183.249
El Salvador,SLV,2023,179.706
Equatorial Guinea,GNQ,1980,0
Equatorial Guinea,GNQ,1981,0
Equatorial Guinea,GNQ,1982,0
Equatorial Guinea,GNQ,1983,0
Equatorial Guinea,GNQ,1984,0
Equatorial Guinea,GNQ,1985,0
Equatorial Guinea,GNQ,1986,0
Equatorial Guinea,GNQ,1987,0
Equatorial Guinea,GNQ,1988,0
Equatorial Guinea,GNQ,1989,0
Equatorial Guinea,GNQ,1990,0
Equatorial Guinea,GNQ,1991,0
Equatorial Guinea,GNQ,1992,0
Equatorial Guinea,GNQ,1993,0
Equatorial Guinea,GNQ,1994,0
Equatorial Guinea,GNQ,1995,0
Equatorial Guinea,GNQ,1996,0.010470791
Equatorial Guinea,GNQ,1997,0.049540102
Equatorial Guinea,GNQ,1998,0.04716277
Equatorial Guinea,GNQ,1999,0.09159914
Equatorial Guinea,GNQ,2000,0.710955
Equatorial Guinea,GNQ,2001,2.00044
Equatorial Guinea,GNQ,2002,4.01024
Equatorial Guinea,GNQ,2003,4.89466
Equatorial Guinea,GNQ,2004,6.87841
Equatorial Guinea,GNQ,2005,10.2283
Equatorial Guinea,GNQ,2006,12.117
Equatorial Guinea,GNQ,2007,14.4781
Equatorial Guinea,GNQ,2008,16.5971
Equatorial Guinea,GNQ,2009,17.6107
Equatorial Guinea,GNQ,2010,33.5796
Equatorial Guinea,GNQ,2011,38.5607
Equatorial Guinea,GNQ,2012,38.7386
Equatorial Guinea,GNQ,2013,37.9421
Equatorial Guinea,GNQ,2014,36.9002
Equatorial Guinea,GNQ,2015,36.6825
Equatorial Guinea,GNQ,2016,38.1684
Equatorial Guinea,GNQ,2017,36.2336
Equatorial Guinea,GNQ,2018,36.576
Equatorial Guinea,GNQ,2019,36.9422
Equatorial Guinea,GNQ,2020,43.3495
Equatorial Guinea,GNQ,2021,46.4348
Equatorial Guinea,GNQ,2022,49.538
Eritrea,ERI,1980,0
Eritrea,ERI,1981,0
Eritrea,ERI,1982,0
Eritrea,ERI,1983,0
Eritrea,ERI,1984,0
Eritrea,ERI,1985,0
Eritrea,ERI,1986,0
Eritrea,ERI,1987,0
Eritrea,ERI,1988,0
Eritrea,ERI,1989,0
Eritrea,ERI,1990,0
Eritrea,ERI,1991,0
Eritrea,ERI,1992,0
Eritrea,ERI,1993,0
Eritrea,ERI,1994,0
Eritrea,ERI,1995,0
Eritrea,ERI,1996,0
Eritrea,ERI,1997,0
Eritrea,ERI,1998,0
Eritrea,ERI,1999,0
Eritrea,ERI,2000,0
Eritrea,ERI,2001,0
Eritrea,ERI,2002,0
Eritrea,ERI,2003,0
Eritrea,ERI,2004,0.769739
Eritrea,ERI,2005,1.51953
Eritrea,ERI,2006,2.29317
Eritrea,ERI,2007,3.07478
Eritrea,ERI,2008,3.85719
Eritrea,ERI,2009,4.88697
Eritrea,ERI,2010,6.29077
Eritrea,ERI,2011,8.06871
Eritrea,ERI,2012,10.0522
Eritrea,ERI,2013,11.542
Eritrea,ERI,2014,13.4855
Eritrea,ERI,2015,15.2952
Eritrea,ERI,2016,16.1936
Eritrea,ERI,2017,22.0611
Eritrea,ERI,2019,40.4605
Eritrea,ERI,2020,54.7205
Eritrea,ERI,2021,53.7583
Eritrea,ERI,2022,59.1248
Estonia,EST,1980,0
Estonia,EST,1981,0
Estonia,EST,1982,0
Estonia,EST,1983,0
Estonia,EST,1984,0
Estonia,EST,1985,0
Estonia,EST,1986,0
Estonia,EST,1987,0
Estonia,EST,1988,0
Estonia,EST,1989,0
Estonia,EST,1990,0
Estonia,EST,1991,0.03640714
Estonia,EST,1992,0.16216767
Estonia,EST,1993,0.48017994
Estonia,EST,1994,0.9333705
Estonia,EST,1995,2.0961263
Estonia,EST,1996,4.84432
Estonia,EST,1997,10.144285
Estonia,EST,1998,17.503492
Estonia,EST,1999,27.573961
Estonia,EST,2000,39.8712
Estonia,EST,2001,46.9106
Estonia,EST,2002,63.8667
Estonia,EST,2003,76.6124
Estonia,EST,2004,92.1518
Estonia,EST,2005,106.676
Estonia,EST,2006,123.151
Estonia,EST,2007,125.445
Estonia,EST,2008,121.494
Estonia,EST,2009,117.685
Estonia,EST,2010,124.136
Estonia,EST,2011,136.065
Estonia,EST,2012,151.197
Estonia,EST,2013,146.247
Estonia,EST,2014,144.361
Estonia,EST,2015,144.803
Estonia,EST,2016,144.235
Estonia,EST,2017,144.557
Estonia,EST,2018,145.543
Estonia,EST,2019,147.047
Estonia,EST,2020,144.832
Estonia,EST,2021,148.74
Estonia,EST,2022,152.271
Estonia,EST,2023,150.196
Eswatini,SWZ,1980,0
Eswatini,SWZ,1981,0
Eswatini,SWZ,1982,0
Eswatini,SWZ,1983,0
Eswatini,SWZ,1984,0
Eswatini,SWZ,1985,0
Eswatini,SWZ,1986,0
Eswatini,SWZ,1987,0
Eswatini,SWZ,1988,0
Eswatini,SWZ,1989,0
Eswatini,SWZ,1990,0
Eswatini,SWZ,1991,0
Eswatini,SWZ,1992,0
Eswatini,SWZ,1993,0
Eswatini,SWZ,1994,0
Eswatini,SWZ,1995,0
Eswatini,SWZ,1996,0
Eswatini,SWZ,1997,0
Eswatini,SWZ,1998,0.4675882
Eswatini,SWZ,1999,1.374746
Eswatini,SWZ,2000,3.16877
Eswatini,SWZ,2001,5.23279
Eswatini,SWZ,2002,6.41848
Eswatini,SWZ,2003,7.9685
Eswatini,SWZ,2004,13.5115
Eswatini,SWZ,2005,18.5353
Eswatini,SWZ,2006,23.0535
Eswatini,SWZ,2007,34.8399
Eswatini,SWZ,2008,48.4152
Eswatini,SWZ,2009,60.1213
Eswatini,SWZ,2010,65.2905
Eswatini,SWZ,2011,68.5737
Eswatini,SWZ,2012,71.6279
Eswatini,SWZ,2013,79.0272
Eswatini,SWZ,2014,80.683
Eswatini,SWZ,2015,82.3407
Eswatini,SWZ,2016,86.5588
Eswatini,SWZ,2017,88.713
Eswatini,SWZ,2018,89.2004
Eswatini,SWZ,2019,91.0519
Eswatini,SWZ,2020,104.747
Eswatini,SWZ,2021,118.627
Eswatini,SWZ,2022,121.492
Eswatini,SWZ,2023,128.399
Ethiopia,ETH,1980,0
Ethiopia,ETH,1981,0
Ethiopia,ETH,1982,0
Ethiopia,ETH,1983,0
Ethiopia,ETH,1984,0
Ethiopia,ETH,1985,0
Ethiopia,ETH,1986,0
Ethiopia,ETH,1987,0
Ethiopia,ETH,1988,0
Ethiopia,ETH,1989,0
Ethiopia,ETH,1990,0
Ethiopia,ETH,1991,0
Ethiopia,ETH,1992,0
Ethiopia,ETH,1993,0
Ethiopia,ETH,1994,0
Ethiopia,ETH,1995,0
Ethiopia,ETH,1996,0
Ethiopia,ETH,1997,0
Ethiopia,ETH,1998,0
Ethiopia,ETH,1999,0.010356869
Ethiopia,ETH,2000,0.0263412
Ethiopia,ETH,2001,0.0395753
Ethiopia,ETH,2002,0.0703129
Ethiopia,ETH,2003,0.0695139
Ethiopia,ETH,2004,0.204442
Ethiopia,ETH,2005,0.52398
Ethiopia,ETH,2006,1.07393
Ethiopia,ETH,2007,1.45421
Ethiopia,ETH,2008,2.28483
Ethiopia,ETH,2009,4.60381
Ethiopia,ETH,2010,7.57026
Ethiopia,ETH,2011,15.1655
Ethiopia,ETH,2012,21.424
Ethiopia,ETH,2013,26.0536
Ethiopia,ETH,2014,30.1536
Ethiopia,ETH,2015,40.7363
Ethiopia,ETH,2016,47.9993
Ethiopia,ETH,2017,36.1095
Ethiopia,ETH,2019,36.2199
Ethiopia,ETH,2020,37.4208
Ethiopia,ETH,2021,52.8089
Ethiopia,ETH,2022,56.9643
Europe and Central Asia (WB),WB_ECA,1980,0.0030000084
Europe and Central Asia (WB),WB_ECA,1981,0.006386481
Europe and Central Asia (WB),WB_ECA,1982,0.010013844
Europe and Central Asia (WB),WB_ECA,1983,0.015550997
Europe and Central Asia (WB),WB_ECA,1984,0.023952475
Europe and Central Asia (WB),WB_ECA,1985,0.04190231
Europe and Central Asia (WB),WB_ECA,1986,0.06882406
Europe and Central Asia (WB),WB_ECA,1987,0.11644895
Europe and Central Asia (WB),WB_ECA,1988,0.19207953
Europe and Central Asia (WB),WB_ECA,1989,0.30154347
Europe and Central Asia (WB),WB_ECA,1990,0.4152862
Europe and Central Asia (WB),WB_ECA,1991,0.5650371
Europe and Central Asia (WB),WB_ECA,1992,0.7450369
Europe and Central Asia (WB),WB_ECA,1993,1.1039242
Europe and Central Asia (WB),WB_ECA,1994,1.796089
Europe and Central Asia (WB),WB_ECA,1995,2.8480241
Europe and Central Asia (WB),WB_ECA,1996,4.4803476
Europe and Central Asia (WB),WB_ECA,1997,7.188575
Europe and Central Asia (WB),WB_ECA,1998,12.277756
Europe and Central Asia (WB),WB_ECA,1999,21.331846
Europe and Central Asia (WB),WB_ECA,2000,34.14269
Europe and Central Asia (WB),WB_ECA,2001,42.03458
Europe and Central Asia (WB),WB_ECA,2002,47.700405
Europe and Central Asia (WB),WB_ECA,2003,55.198277
Europe and Central Asia (WB),WB_ECA,2004,66.286385
Europe and Central Asia (WB),WB_ECA,2005,81.21019
Europe and Central Asia (WB),WB_ECA,2006,94.77285
Europe and Central Asia (WB),WB_ECA,2007,106.50295
Europe and Central Asia (WB),WB_ECA,2008,115.166756
Europe and Central Asia (WB),WB_ECA,2009,119.5262
Europe and Central Asia (WB),WB_ECA,2010,120.330734
Europe and Central Asia (WB),WB_ECA,2011,120.44394
Europe and Central Asia (WB),WB_ECA,2012,122.57837
Europe and Central Asia (WB),WB_ECA,2013,125.05937
Europe and Central Asia (WB),WB_ECA,2014,124.878334
Europe and Central Asia (WB),WB_ECA,2015,124
Europe and Central Asia (WB),WB_ECA,2016,123.6
Europe and Central Asia (WB),WB_ECA,2017,122.7
Europe and Central Asia (WB),WB_ECA,2018,122.6
Europe and Central Asia (WB),WB_ECA,2019,125
Europe and Central Asia (WB),WB_ECA,2020,123.3
Europe and Central Asia (WB),WB_ECA,2021,126
Europe and Central Asia (WB),WB_ECA,2022,126.6
Europe and Central Asia (WB),WB_ECA,2023,130.2
Europe and Central Asia (WB),WB_ECA,2024,132.4
Europe and Central Asia (WB),WB_ECA,2025,134.6
European Union (27),OWID_EU27,1980,0.0057914937
European Union (27),OWID_EU27,1981,0.01194857
European Union (27),OWID_EU27,1982,0.016725563
European Union (27),OWID_EU27,1983,0.025468763
European Union (27),OWID_EU27,1984,0.039242327
European Union (27),OWID_EU27,1985,0.055982243
European Union (27),OWID_EU27,1986,0.08206031
European Union (27),OWID_EU27,1987,0.12702805
European Union (27),OWID_EU27,1988,0.19748172
European Union (27),OWID_EU27,1989,0.30130616
European Union (27),OWID_EU27,1990,0.47277647
European Union (27),OWID_EU27,1991,0.71377033
European Union (27),OWID_EU27,1992,0.98991483
European Union (27),OWID_EU27,1993,1.4891932
European Union (27),OWID_EU27,1994,2.3796723
European Union (27),OWID_EU27,1995,3.8547392
European Union (27),OWID_EU27,1996,6.513101
European Union (27),OWID_EU27,1997,11.0840645
European Union (27),OWID_EU27,1998,19.024569
European Union (27),OWID_EU27,1999,32.385044
European Union (27),OWID_EU27,2000,51.082134
European Union (27),OWID_EU27,2001,63.36277
European Union (27),OWID_EU27,2002,69.82496
European Union (27),OWID_EU27,2003,76.76117
European Union (27),OWID_EU27,2004,84.85932
European Union (27),OWID_EU27,2005,94.96259
European Union (27),OWID_EU27,2006,104.62556
European Union (27),OWID_EU27,2007,115.47123
European Union (27),OWID_EU27,2008,121.35108
European Union (27),OWID_EU27,2009,120.98253
European Union (27),OWID_EU27,2010,118.36212
European Union (27),OWID_EU27,2011,121.505165
European Union (27),OWID_EU27,2012,123.53657
European Union (27),OWID_EU27,2013,124.928116
European Union (27),OWID_EU27,2014,123.56196
European Union (27),OWID_EU27,2015,121.82778
European Union (27),OWID_EU27,2016,122.192215
European Union (27),OWID_EU27,2017,122.55684
European Union (27),OWID_EU27,2018,121.955284
European Union (27),OWID_EU27,2019,121.79956
European Union (27),OWID_EU27,2020,121.47637
European Union (27),OWID_EU27,2021,123.26532
European Union (27),OWID_EU27,2022,123.6871
Faroe Islands,FRO,1980,0
Faroe Islands,FRO,1981,0
Faroe Islands,FRO,1982,0
Faroe Islands,FRO,1983,0
Faroe Islands,FRO,1984,0
Faroe Islands,FRO,1985,0
Faroe Islands,FRO,1986,0
Faroe Islands,FRO,1987,0
Faroe Islands,FRO,1988,0
Faroe Islands,FRO,1990,0
Faroe Islands,FRO,1991,3.0527666
Faroe Islands,FRO,1992,3.7343767
Faroe Islands,FRO,1993,3.559074
Faroe Islands,FRO,1994,4.4413223
Faroe Islands,FRO,1995,5.839516
Faroe Islands,FRO,1996,7.397254
Faroe Islands,FRO,1997,10.564995
Faroe Islands,FRO,1998,14.523571
Faroe Islands,FRO,1999,23.805943
Faroe Islands,FRO,2000,37.1658
Faroe Islands,FRO,2001,52.9563
Faroe Islands,FRO,2002,74.1816
Faroe Islands,FRO,2003,80.1847
Faroe Islands,FRO,2004,86.007
Faroe Islands,FRO,2005,86.913
Faroe Islands,FRO,2006,103.174
Faroe Islands,FRO,2007,107.623
Faroe Islands,FRO,2008,113.118
Faroe Islands,FRO,2009,117.538
Faroe Islands,FRO,2010,123.411
Faroe Islands,FRO,2011,121.991
Faroe Islands,FRO,2012,122.106
Faroe Islands,FRO,2013,119.619
Faroe Islands,FRO,2014,120.194
Faroe Islands,FRO,2015,108.833
Faroe Islands,FRO,2016,110.024
Faroe Islands,FRO,2017,112.69
Faroe Islands,FRO,2018,111.283
Faroe Islands,FRO,2019,106.012
Faroe Islands,FRO,2020,112.6
Faroe Islands,FRO,2021,111.094
Faroe Islands,FRO,2022,105.804
Fiji,FJI,1980,0
Fiji,FJI,1981,0
Fiji,FJI,1982,0
Fiji,FJI,1983,0
Fiji,FJI,1984,0
Fiji,FJI,1985,0
Fiji,FJI,1986,0
Fiji,FJI,1987,0
Fiji,FJI,1988,0
Fiji,FJI,1989,0
Fiji,FJI,1990,0
Fiji,FJI,1991,0
Fiji,FJI,1992,0
Fiji,FJI,1993,0
Fiji,FJI,1994,0.13909894
Fiji,FJI,1995,0.2776915
Fiji,FJI,1996,0.46451017
Fiji,FJI,1997,0.64630634
Fiji,FJI,1998,0.9828638
Fiji,FJI,1999,2.8393703
Fiji,FJI,2000,6.54732
Fiji,FJI,2001,9.52606
Fiji,FJI,2002,10.4773
Fiji,FJI,2003,12.6843
Fiji,FJI,2004,16.2621
Fiji,FJI,2005,23.2326
Fiji,FJI,2006,31.9713
Fiji,FJI,2007,59.0364
Fiji,FJI,2008,66.4158
Fiji,FJI,2009,70.5437
Fiji,FJI,2010,76.6592
Fiji,FJI,2011,79.6286
Fiji,FJI,2012,93.8673
Fiji,FJI,2013,101.534
Fiji,FJI,2014,95.4872
Fiji,FJI,2015,105.157
Fiji,FJI,2016,113.656
Fiji,FJI,2017,112.534
Fiji,FJI,2018,110.665
Fiji,FJI,2019,112.581
Fiji,FJI,2020,108.365
Fiji,FJI,2021,108.158
Fiji,FJI,2022,111.749
Finland,FIN,1980,0.49131504
Finland,FIN,1981,0.5891414
Finland,FIN,1982,0.7019054
Finland,FIN,1983,0.86961126
Finland,FIN,1984,1.065397
Finland,FIN,1985,1.3797753
Finland,FIN,1986,1.7343843
Finland,FIN,1987,2.1463144
Finland,FIN,1988,2.793051
Finland,FIN,1989,3.8278174
Finland,FIN,1990,5.171356
Finland,FIN,1991,6.3651037
Finland,FIN,1992,7.655925
Finland,FIN,1993,9.654867
Finland,FIN,1994,13.276336
Finland,FIN,1995,20.343336
Finland,FIN,1996,29.308989
Finland,FIN,1997,42.0739
Finland,FIN,1998,55.223843
Finland,FIN,1999,63.37119
Finland,FIN,2000,72.034
Finland,FIN,2001,80.4859
Finland,FIN,2002,86.8519
Finland,FIN,2003,91.064
Finland,FIN,2004,95.4066
Finland,FIN,2005,100.456
Finland,FIN,2006,107.667
Finland,FIN,2007,114.962
Finland,FIN,2008,128.543
Finland,FIN,2009,144.226
Finland,FIN,2010,156.432
Finland,FIN,2011,165.917
Finland,FIN,2012,172.147
Finland,FIN,2013,136.259
Finland,FIN,2014,139.199
Finland,FIN,2015,134.974
Finland,FIN,2016,131.383
Finland,FIN,2017,129.983
Finland,FIN,2018,129.629
Finland,FIN,2019,129.488
Finland,FIN,2020,128.761
Finland,FIN,2021,129.036
Finland,FIN,2022,128.023
Finland,FIN,2023,127.473
France,FRA,1980,0
France,FRA,1981,0
France,FRA,1982,0
France,FRA,1983,0
France,FRA,1984,0
France,FRA,1985,0
France,FRA,1986,0.016353138
France,FRA,1987,0.070512064
France,FRA,1988,0.17587087
France,FRA,1989,0.31760755
France,FRA,1990,0.50201285
France,FRA,1991,0.6620153
France,FRA,1992,0.76797205
France,FRA,1993,1.0025637
France,FRA,1994,1.5428953
France,FRA,1995,2.2683525
France,FRA,1996,4.273801
France,FRA,1997,10.057683
France,FRA,1998,19.301022
France,FRA,1999,36.73126
France,FRA,2000,48.8409
France,FRA,2001,61.76
France,FRA,2002,63.96
France,FRA,2003,68.6553
France,FRA,2004,72.8138
France,FRA,2005,78.0332
France,FRA,2006,83.2589
France,FRA,2007,88.6688
France,FRA,2008,92.3412
France,FRA,2009,91.7782
France,FRA,2010,91.1186
France,FRA,2011,93.8529
France,FRA,2012,97.1925
France,FRA,2013,98.3479
France,FRA,2014,101.132
France,FRA,2015,102.718
France,FRA,2016,103.817
France,FRA,2017,105.718
France,FRA,2018,107.482
France,FRA,2019,109.601
France,FRA,2020,110.387
France,FRA,2021,113.953
France,FRA,2022,115.951
France,FRA,2023,116.688
French Polynesia,PYF,1980,0
French Polynesia,PYF,1981,0
French Polynesia,PYF,1982,0
French Polynesia,PYF,1983,0
French Polynesia,PYF,1984,0
French Polynesia,PYF,1985,0
French Polynesia,PYF,1986,0
French Polynesia,PYF,1987,0
French Polynesia,PYF,1988,0
French Polynesia,PYF,1989,0
French Polynesia,PYF,1990,0
French Polynesia,PYF,1991,0
French Polynesia,PYF,1992,0
French Polynesia,PYF,1993,0
French Polynesia,PYF,1994,0
French Polynesia,PYF,1995,0.49687615
French Polynesia,PYF,1996,1.1560915
French Polynesia,PYF,1997,2.2703693
French Polynesia,PYF,1998,4.5536513
French Polynesia,PYF,1999,8.884576
French Polynesia,PYF,2000,16.6017
French Polynesia,PYF,2001,27.571
French Polynesia,PYF,2002,21.0877
French Polynesia,PYF,2003,23.8836
French Polynesia,PYF,2004,37.5508
French Polynesia,PYF,2005,46.2415
French Polynesia,PYF,2006,57.7457
French Polynesia,PYF,2007,65.6239
French Polynesia,PYF,2008,69.732
French Polynesia,PYF,2009,77.2823
French Polynesia,PYF,2010,79.7879
French Polynesia,PYF,2011,82.004
French Polynesia,PYF,2012,83.3447
French Polynesia,PYF,2013,88.5949
French Polynesia,PYF,2014,92.3064
French Polynesia,PYF,2015,96.5696
French Polynesia,PYF,2016,100.334
French Polynesia,PYF,2017,102.768
French Polynesia,PYF,2018,108.169
French Polynesia,PYF,2019,113.965
French Polynesia,PYF,2020,119.982
French Polynesia,PYF,2021,115.414
French Polynesia,PYF,2022,116.866
French Polynesia,PYF,2023,118.778
Gabon,GAB,1980,0
Gabon,GAB,1981,0
Gabon,GAB,1982,0
Gabon,GAB,1983,0
Gabon,GAB,1984,0
Gabon,GAB,1985,0
Gabon,GAB,1986,0
Gabon,GAB,1987,0
Gabon,GAB,1988,0
Gabon,GAB,1989,0
Gabon,GAB,1990,0
Gabon,GAB,1991,0
Gabon,GAB,1992,0.026989358
Gabon,GAB,1993,0.11263481
Gabon,GAB,1994,0.23600714
Gabon,GAB,1995,0.35651767
Gabon,GAB,1996,0.5909955
Gabon,GAB,1997,0.80521715
Gabon,GAB,1998,0.8012683
Gabon,GAB,1999,0.7165746
Gabon,GAB,2000,9.40754
Gabon,GAB,2001,11.454
Gabon,GAB,2002,20.7629
Gabon,GAB,2003,21.7022
Gabon,GAB,2004,34.4235
Gabon,GAB,2005,50.3377
Gabon,GAB,2006,59.5349
Gabon,GAB,2007,75.1171
Gabon,GAB,2008,80.8873
Gabon,GAB,2009,87.2676
Gabon,GAB,2010,93.6112
Gabon,GAB,2011,133.01
Gabon,GAB,2012,138.488
Gabon,GAB,2013,143.499
Gabon,GAB,2014,148.238
Gabon,GAB,2015,138.244
Gabon,GAB,2016,141.05
Gabon,GAB,2017,123.475
Gabon,GAB,2018,132.465
Gabon,GAB,2019,131.975
Gabon,GAB,2020,131.302
Gabon,GAB,2021,132.309
Gabon,GAB,2022,123.233
Gabon,GAB,2023,122.607
Gambia,GMB,1980,0
Gambia,GMB,1981,0
Gambia,GMB,1982,0
Gambia,GMB,1983,0
Gambia,GMB,1984,0
Gambia,GMB,1985,0
Gambia,GMB,1986,0
Gambia,GMB,1987,0
Gambia,GMB,1988,0
Gambia,GMB,1989,0
Gambia,GMB,1990,0
Gambia,GMB,1991,0
Gambia,GMB,1992,0.018098714
Gambia,GMB,1993,0.039116364
Gambia,GMB,1994,0.067336604
Gambia,GMB,1995,0.11608857
Gambia,GMB,1996,0.24205087
Gambia,GMB,1997,0.35945275
Gambia,GMB,1998,0.3722195
Gambia,GMB,1999,0.38002175
Gambia,GMB,2000,0.384858
Gambia,GMB,2001,3.68459
Gambia,GMB,2002,6.51173
Gambia,GMB,2003,9.46368
Gambia,GMB,2004,10.7937
Gambia,GMB,2005,14.8454
Gambia,GMB,2006,23.5732
Gambia,GMB,2007,45.3269
Gambia,GMB,2008,64.1491
Gambia,GMB,2009,70.1538
Gambia,GMB,2010,76.7323
Gambia,GMB,2011,70.6308
Gambia,GMB,2012,74.7
Gambia,GMB,2013,87.8808
Gambia,GMB,2014,105.505
Gambia,GMB,2015,122.079
Gambia,GMB,2016,124.274
Gambia,GMB,2017,126.634
Gambia,GMB,2018,132.578
Gambia,GMB,2019,105.205
Gambia,GMB,2020,106.448
Gambia,GMB,2021,108.847
Gambia,GMB,2022,106.782
Georgia,GEO,1980,0
Georgia,GEO,1981,0
Georgia,GEO,1982,0
Georgia,GEO,1983,0
Georgia,GEO,1984,0
Georgia,GEO,1985,0
Georgia,GEO,1986,0
Georgia,GEO,1987,0
Georgia,GEO,1988,0
Georgia,GEO,1989,0
Georgia,GEO,1990,0
Georgia,GEO,1991,0
Georgia,GEO,1992,0
Georgia,GEO,1993,0
Georgia,GEO,1994,0
Georgia,GEO,1995,0.003075235
Georgia,GEO,1996,0.04830642
Georgia,GEO,1997,0.64654726
Georgia,GEO,1998,1.3279022
Georgia,GEO,1999,3.03204
Georgia,GEO,2000,4.49919
Georgia,GEO,2001,7.15803
Georgia,GEO,2002,12.2005
Georgia,GEO,2003,17.4086
Georgia,GEO,2004,20.7256
Georgia,GEO,2005,29.1672
Georgia,GEO,2006,42.6335
Georgia,GEO,2007,65.5238
Georgia,GEO,2008,69.9049
Georgia,GEO,2009,72.392
Georgia,GEO,2010,102.113
Georgia,GEO,2011,114.517
Georgia,GEO,2012,122.384
Georgia,GEO,2013,131.083
Georgia,GEO,2014,142.391
Georgia,GEO,2015,146.396
Georgia,GEO,2016,145.881
Georgia,GEO,2017,145.072
Georgia,GEO,2018,143.858
Georgia,GEO,2019,141.755
Georgia,GEO,2020,134.366
Georgia,GEO,2021,146.566
Georgia,GEO,2022,154.014
Georgia,GEO,2023,155.25
Germany,DEU,1980,0
Germany,DEU,1981,0
Germany,DEU,1982,0
Germany,DEU,1983,0
Germany,DEU,1984,0
Germany,DEU,1985,0.001391057
Germany,DEU,1986,0.030589938
Germany,DEU,1987,0.06242341
Germany,DEU,1988,0.12584876
Germany,DEU,1989,0.20733197
Germany,DEU,1990,0.3434652
Germany,DEU,1991,0.6669646
Germany,DEU,1992,1.211757
Germany,DEU,1993,2.2021859
Germany,DEU,1994,3.0791724
Germany,DEU,1995,4.591778
Germany,DEU,1996,6.7797556
Germany,DEU,1997,10.162571
Germany,DEU,1998,17.06606
Germany,DEU,1999,28.748005
Germany,DEU,2000,58.9286
Germany,DEU,2001,68.5016
Germany,DEU,2002,72.0473
Germany,DEU,2003,78.917
Germany,DEU,2004,86.8798
Germany,DEU,2005,96.6169
Germany,DEU,2006,104.835
Germany,DEU,2007,118.37
Germany,DEU,2008,130.097
Germany,DEU,2009,129.733
Germany,DEU,2010,109.364
Germany,DEU,2011,112.419
Germany,DEU,2012,114.192
Germany,DEU,2013,123.435
Germany,DEU,2014,122.309
Germany,DEU,2015,117.401
Germany,DEU,2016,125.024
Germany,DEU,2017,132.003
Germany,DEU,2018,128.946
Germany,DEU,2019,128.292
Germany,DEU,2020,128.425
Germany,DEU,2021,127.125
Germany,DEU,2022,124.158
Germany,DEU,2023,124.663
Ghana,GHA,1980,0
Ghana,GHA,1981,0
Ghana,GHA,1982,0
Ghana,GHA,1983,0
Ghana,GHA,1984,0
Ghana,GHA,1985,0
Ghana,GHA,1986,0
Ghana,GHA,1987,0
Ghana,GHA,1988,0
Ghana,GHA,1989,0
Ghana,GHA,1990,0
Ghana,GHA,1991,0
Ghana,GHA,1992,0.002462819
Ghana,GHA,1993,0.010466464
Ghana,GHA,1994,0.019576484
Ghana,GHA,1995,0.035552755
Ghana,GHA,1996,0.07154222
Ghana,GHA,1997,0.11969538
Ghana,GHA,1998,0.2231026
Ghana,GHA,1999,0.36516017
Ghana,GHA,2000,0.662242
Ghana,GHA,2001,1.20889
Ghana,GHA,2002,1.86583
Ghana,GHA,2003,3.73546
Ghana,GHA,2004,7.75095
Ghana,GHA,2005,12.8046
Ghana,GHA,2006,22.6002
Ghana,GHA,2007,32.1629
Ghana,GHA,2008,47.7132
Ghana,GHA,2009,60.7695
Ghana,GHA,2010,68.4473
Ghana,GHA,2011,81.1104
Ghana,GHA,2012,95.8262
Ghana,GHA,2013,102.338
Ghana,GHA,2014,108.27
Ghana,GHA,2015,121.997
Ghana,GHA,2016,130.481
Ghana,GHA,2017,122.472
Ghana,GHA,2018,133.61
Ghana,GHA,2019,130.705
Ghana,GHA,2020,126.887
Ghana,GHA,2021,124.403
Ghana,GHA,2022,120.803
Ghana,GHA,2023,98.8059
Gibraltar,GIB,1980,0
Gibraltar,GIB,1981,0
Gibraltar,GIB,1982,0
Gibraltar,GIB,1983,0
Gibraltar,GIB,1984,0
Gibraltar,GIB,1985,0
Gibraltar,GIB,1986,0
Gibraltar,GIB,1987,0
Gibraltar,GIB,1988,0
Gibraltar,GIB,1989,0
Gibraltar,GIB,1990,0
Gibraltar,GIB,1991,0
Gibraltar,GIB,1992,0
Gibraltar,GIB,1993,0
Gibraltar,GIB,1994,0
Gibraltar,GIB,1995,2.4077046
Gibraltar,GIB,1996,3.6448293
Gibraltar,GIB,1997,5.877231
Gibraltar,GIB,1998,8.847156
Gibraltar,GIB,1999,13.172052
Gibraltar,GIB,2000,20.0585
Gibraltar,GIB,2001,35.4232
Gibraltar,GIB,2002,43.7174
Gibraltar,GIB,2003,56.2354
Gibraltar,GIB,2004,64.0501
Gibraltar,GIB,2005,68.5801
Gibraltar,GIB,2006,74.3394
Gibraltar,GIB,2007,79.984
Gibraltar,GIB,2008,85.4898
Gibraltar,GIB,2009,92.7879
Gibraltar,GIB,2010,96.0061
Gibraltar,GIB,2011,102.653
Gibraltar,GIB,2012,108.495
Gibraltar,GIB,2014,115.808
Gibraltar,GIB,2015,124.849
Gibraltar,GIB,2016,122.218
Gibraltar,GIB,2017,119.828
Gibraltar,GIB,2018,117.763
Gibraltar,GIB,2019,114.208
Gibraltar,GIB,2020,97.9681
Gibraltar,GIB,2021,92.6502
Gibraltar,GIB,2022,97.6043
Greece,GRC,1980,0
Greece,GRC,1981,0
Greece,GRC,1982,0
Greece,GRC,1983,0
Greece,GRC,1984,0
Greece,GRC,1985,0
Greece,GRC,1986,0
Greece,GRC,1987,0
Greece,GRC,1988,0
Greece,GRC,1989,0
Greece,GRC,1990,0
Greece,GRC,1991,0
Greece,GRC,1992,0
Greece,GRC,1993,0.45439744
Greece,GRC,1994,1.4369683
Greece,GRC,1995,2.54476
Greece,GRC,1996,4.9241905
Greece,GRC,1997,8.622312
Greece,GRC,1998,18.71205
Greece,GRC,1999,35.510723
Greece,GRC,2000,55.0181
Greece,GRC,2001,73.4448
Greece,GRC,2002,85.5282
Greece,GRC,2003,81.8448
Greece,GRC,2004,85.1742
Greece,GRC,2005,93.4349
Greece,GRC,2006,99.6707
Greece,GRC,2007,111.309
Greece,GRC,2008,124.578
Greece,GRC,2009,119.689
Greece,GRC,2010,110.5
Greece,GRC,2011,109.174
Greece,GRC,2012,120.926
Greece,GRC,2013,114.143
Greece,GRC,2014,111.488
Greece,GRC,2015,116.133
Greece,GRC,2016,116.365
Greece,GRC,2017,120.306
Greece,GRC,2018,113.418
Greece,GRC,2019,110.855
Greece,GRC,2020,106.67
Greece,GRC,2021,108.644
Greece,GRC,2022,109.027
Greece,GRC,2023,110.792
Greenland,GRL,1980,0
Greenland,GRL,1981,0
Greenland,GRL,1982,0
Greenland,GRL,1983,0
Greenland,GRL,1984,0
Greenland,GRL,1985,0
Greenland,GRL,1986,0
Greenland,GRL,1987,0
Greenland,GRL,1988,0
Greenland,GRL,1989,0
Greenland,GRL,1990,0
Greenland,GRL,1991,0
Greenland,GRL,1992,0.30706796
Greenland,GRL,1993,0.78624254
Greenland,GRL,1994,1.7307001
Greenland,GRL,1995,3.6782103
Greenland,GRL,1996,7.365976
Greenland,GRL,1997,11.558353
Greenland,GRL,1998,15.856244
Greenland,GRL,1999,24.099028
Greenland,GRL,2000,26.8889
Greenland,GRL,2001,28.1541
Greenland,GRL,2002,35.2064
Greenland,GRL,2003,52.411
Greenland,GRL,2004,68.5909
Greenland,GRL,2005,81.6155
Greenland,GRL,2006,94.7559
Greenland,GRL,2007,116.938
Greenland,GRL,2008,98.5087
Greenland,GRL,2009,94.5968
Greenland,GRL,2010,101.298
Greenland,GRL,2011,103.357
Greenland,GRL,2012,104.715
Greenland,GRL,2013,106.878
Greenland,GRL,2014,108.237
Greenland,GRL,2015,108.888
Greenland,GRL,2017,111.145
Greenland,GRL,2018,109.487
Greenland,GRL,2019,109.935
Greenland,GRL,2020,117.614
Greenland,GRL,2021,118.85
Greenland,GRL,2022,118.637
Grenada,GRD,1980,0
Grenada,GRD,1981,0
Grenada,GRD,1982,0
Grenada,GRD,1983,0
Grenada,GRD,1984,0
Grenada,GRD,1985,0
Grenada,GRD,1986,0
Grenada,GRD,1987,0
Grenada,GRD,1988,0
Grenada,GRD,1989,0
Grenada,GRD,1990,0.15144326
Grenada,GRD,1991,0.1473566
Grenada,GRD,1992,0.17913698
Grenada,GRD,1993,0.27600247
Grenada,GRD,1994,0.33923274
Grenada,GRD,1995,0.38439363
Grenada,GRD,1996,0.5436545
Grenada,GRD,1997,0.92469776
Grenada,GRD,1998,1.3276836
Grenada,GRD,1999,1.8834718
Grenada,GRD,2000,4.00182
Grenada,GRD,2001,5.9396
Grenada,GRD,2002,6.96746
Grenada,GRD,2003,38.8423
Grenada,GRD,2004,39.6193
Grenada,GRD,2005,42.7014
Grenada,GRD,2006,41.9422
Grenada,GRD,2007,46.4894
Grenada,GRD,2008,54.1246
Grenada,GRD,2009,102.849
Grenada,GRD,2010,109.284
Grenada,GRD,2011,107.83
Grenada,GRD,2012,115.196
Grenada,GRD,2013,117.194
Grenada,GRD,2014,102.645
Grenada,GRD,2015,104.439
Grenada,GRD,2016,103.338
Grenada,GRD,2017,98.0414
Grenada,GRD,2018,102.619
Grenada,GRD,2019,100.175
Grenada,GRD,2020,102.079
Grenada,GRD,2021,86.571
Grenada,GRD,2022,95.7592
Guam,GUM,1980,0
Guam,GUM,1981,0
Guam,GUM,1982,0
Guam,GUM,1983,0
Guam,GUM,1984,0
Guam,GUM,1985,0
Guam,GUM,1986,0
Guam,GUM,1987,0
Guam,GUM,1988,0
Guam,GUM,1989,0
Guam,GUM,1990,0
Guam,GUM,1991,0.6160339
Guam,GUM,1992,0.90869087
Guam,GUM,1993,1.3102837
Guam,GUM,1994,2.771878
Guam,GUM,1995,3.3079271
Guam,GUM,1996,3.811219
Guam,GUM,1997,3.6758893
Guam,GUM,1998,8.210058
Guam,GUM,1999,12.626661
Guam,GUM,2000,16.9931
Guam,GUM,2001,20.2072
Guam,GUM,2002,43.4341
Guam,GUM,2003,48.9159
Guam,GUM,2004,59.8254
Guatemala,GTM,1980,0
Guatemala,GTM,1981,0
Guatemala,GTM,1982,0
Guatemala,GTM,1983,0
Guatemala,GTM,1984,0
Guatemala,GTM,1985,0
Guatemala,GTM,1986,0
Guatemala,GTM,1987,0
Guatemala,GTM,1988,0
Guatemala,GTM,1989,0
Guatemala,GTM,1990,0.003225174
Guatemala,GTM,1991,0.01308744
Guatemala,GTM,1992,0.022356506
Guatemala,GTM,1993,0.03041131
Guatemala,GTM,1994,0.10363627
Guatemala,GTM,1995,0.2894793
Guatemala,GTM,1996,0.40838793
Guatemala,GTM,1997,0.58864516
Guatemala,GTM,1998,0.9964653
Guatemala,GTM,1999,2.946743
Guatemala,GTM,2000,7.32485
Guatemala,GTM,2001,9.57808
Guatemala,GTM,2002,12.8774
Guatemala,GTM,2003,16.2446
Guatemala,GTM,2004,24.7377
Guatemala,GTM,2005,34.4605
Guatemala,GTM,2006,53.7031
Guatemala,GTM,2007,87.1486
Guatemala,GTM,2008,107.273
Guatemala,GTM,2009,121.75
Guatemala,GTM,2010,124.606
Guatemala,GTM,2011,131.686
Guatemala,GTM,2012,137.757
Guatemala,GTM,2013,141.131
Guatemala,GTM,2014,107.844
Guatemala,GTM,2015,113.459
Guatemala,GTM,2016,112.267
Guatemala,GTM,2017,120.638
Guatemala,GTM,2018,121.5
Guatemala,GTM,2019,122.044
Guatemala,GTM,2020,117.476
Guatemala,GTM,2021,125.719
Guatemala,GTM,2022,115.156
Guatemala,GTM,2023,113.709
Guinea,GIN,1980,0
Guinea,GIN,1981,0
Guinea,GIN,1982,0
Guinea,GIN,1983,0
Guinea,GIN,1984,0
Guinea,GIN,1985,0
Guinea,GIN,1986,0
Guinea,GIN,1987,0
Guinea,GIN,1988,0
Guinea,GIN,1989,0
Guinea,GIN,1990,0
Guinea,GIN,1991,0
Guinea,GIN,1992,0
Guinea,GIN,1993,0.000596075
Guinea,GIN,1994,0.01118132
Guinea,GIN,1995,0.012720352
Guinea,GIN,1996,0.012364775
Guinea,GIN,1997,0.036568545
Guinea,GIN,1998,0.26983896
Guinea,GIN,1999,0.3080406
Guinea,GIN,2000,0.499618
Guinea,GIN,2001,0.651877
Guinea,GIN,2002,1.04648
Guinea,GIN,2003,1.25694
Guinea,GIN,2004,1.7092
Guinea,GIN,2005,2.04416
Guinea,GIN,2007,20.699
Guinea,GIN,2008,27.7809
Guinea,GIN,2009,34.3963
Guinea,GIN,2010,38.476
Guinea,GIN,2011,45.6102
Guinea,GIN,2012,51.1345
Guinea,GIN,2013,66.4453
Guinea,GIN,2014,75.6869
Guinea,GIN,2015,91.4756
Guinea,GIN,2016,92.0233
Guinea,GIN,2017,94.4641
Guinea,GIN,2018,94.555
Guinea,GIN,2019,98.7621
Guinea,GIN,2020,103.17
Guinea,GIN,2021,100.616
Guinea,GIN,2022,108.885
Guinea-Bissau,GNB,1980,0
Guinea-Bissau,GNB,1981,0
Guinea-Bissau,GNB,1982,0
Guinea-Bissau,GNB,1983,0
Guinea-Bissau,GNB,1984,0
Guinea-Bissau,GNB,1985,0
Guinea-Bissau,GNB,1986,0
Guinea-Bissau,GNB,1987,0
Guinea-Bissau,GNB,1988,0
Guinea-Bissau,GNB,1989,0
Guinea-Bissau,GNB,1990,0
Guinea-Bissau,GNB,1991,0
Guinea-Bissau,GNB,1992,0
Guinea-Bissau,GNB,1993,0
Guinea-Bissau,GNB,1994,0
Guinea-Bissau,GNB,1995,0
Guinea-Bissau,GNB,1996,0
Guinea-Bissau,GNB,1997,0
Guinea-Bissau,GNB,1998,0
Guinea-Bissau,GNB,1999,0
Guinea-Bissau,GNB,2000,0
Guinea-Bissau,GNB,2001,0
Guinea-Bissau,GNB,2002,0
Guinea-Bissau,GNB,2003,0.0966784
Guinea-Bissau,GNB,2004,2.92324
Guinea-Bissau,GNB,2005,7.15302
Guinea-Bissau,GNB,2006,11.1163
Guinea-Bissau,GNB,2007,20.4153
Guinea-Bissau,GNB,2008,33.6114
Guinea-Bissau,GNB,2009,36.7108
Guinea-Bissau,GNB,2010,43.2449
Guinea-Bissau,GNB,2011,45.5597
Guinea-Bissau,GNB,2012,63.5329
Guinea-Bissau,GNB,2013,55.42
Guinea-Bissau,GNB,2014,63.6542
Guinea-Bissau,GNB,2015,69.3268
Guinea-Bissau,GNB,2016,70.1916
Guinea-Bissau,GNB,2017,76.4394
Guinea-Bissau,GNB,2018,77.0219
Guinea-Bissau,GNB,2019,80.8245
Guinea-Bissau,GNB,2020,95.0629
Guinea-Bissau,GNB,2021,108.63
Guinea-Bissau,GNB,2022,125.935
Guinea-Bissau,GNB,2023,128.111
Guyana,GUY,1980,0
Guyana,GUY,1981,0
Guyana,GUY,1982,0
Guyana,GUY,1983,0
Guyana,GUY,1984,0
Guyana,GUY,1985,0
Guyana,GUY,1986,0
Guyana,GUY,1987,0
Guyana,GUY,1988,0
Guyana,GUY,1989,0
Guyana,GUY,1990,0
Guyana,GUY,1991,0
Guyana,GUY,1992,0.112886205
Guyana,GUY,1993,0.13771616
Guyana,GUY,1994,0.16690104
Guyana,GUY,1995,0.16536094
Guyana,GUY,1996,0.159242
Guyana,GUY,1997,0.18537866
Guyana,GUY,1998,0.19215114
Guyana,GUY,1999,0.37136516
Guyana,GUY,2000,5.20768
Guyana,GUY,2001,9.85249
Guyana,GUY,2002,10.3974
Guyana,GUY,2003,18.0782
Guyana,GUY,2004,22.5147
Guyana,GUY,2005,36.9776
Guyana,GUY,2006,52.7033
Guyana,GUY,2007,71.1853
Guyana,GUY,2008,59.3381
Guyana,GUY,2009,64.9564
Guyana,GUY,2010,74.7938
Guyana,GUY,2011,70.8644
Guyana,GUY,2012,73.3024
Guyana,GUY,2013,74.0026
Guyana,GUY,2014,75.1635
Guyana,GUY,2015,71.5092
Guyana,GUY,2016,76.5713
Guyana,GUY,2017,83.6991
Guyana,GUY,2019,96.3271
Guyana,GUY,2020,106.009
Guyana,GUY,2021,104.969
Guyana,GUY,2022,112.565
Haiti,HTI,1980,0
Haiti,HTI,1981,0
Haiti,HTI,1982,0
Haiti,HTI,1983,0
Haiti,HTI,1984,0
Haiti,HTI,1985,0
Haiti,HTI,1986,0
Haiti,HTI,1987,0
Haiti,HTI,1988,0
Haiti,HTI,1989,0
Haiti,HTI,1990,0
Haiti,HTI,1991,0
Haiti,HTI,1992,0
Haiti,HTI,1993,0
Haiti,HTI,1994,0
Haiti,HTI,1995,0
Haiti,HTI,1996,0
Haiti,HTI,1997,0
Haiti,HTI,1998,0.12405569
Haiti,HTI,1999,0.30454597
Haiti,HTI,2000,0.662399
Haiti,HTI,2001,1.08208
Haiti,HTI,2002,1.62646
Haiti,HTI,2003,3.653
Haiti,HTI,2004,4.48921
Haiti,HTI,2005,5.5202
Haiti,HTI,2006,13.02
Haiti,HTI,2007,26.6715
Haiti,HTI,2008,33.5754
Haiti,HTI,2009,37.6487
Haiti,HTI,2010,40.8026
Haiti,HTI,2011,42.3605
Haiti,HTI,2012,60.5272
Haiti,HTI,2013,70.0445
Haiti,HTI,2014,65.2575
Haiti,HTI,2015,69.3703
Haiti,HTI,2016,60.9477
Haiti,HTI,2017,58.2918
Haiti,HTI,2018,60.2323
Haiti,HTI,2019,61.6234
Haiti,HTI,2020,65.0934
Haiti,HTI,2021,64.3452
Haiti,HTI,2022,65.1889
High-income countries,OWID_HIC,1980,0.0021661655
High-income countries,OWID_HIC,1981,0.007339043
High-income countries,OWID_HIC,1982,0.011633306
High-income countries,OWID_HIC,1983,0.017730247
High-income countries,OWID_HIC,1984,0.031144561
High-income countries,OWID_HIC,1985,0.071948856
High-income countries,OWID_HIC,1986,0.1275411
High-income countries,OWID_HIC,1987,0.220913
High-income countries,OWID_HIC,1988,0.37145463
High-income countries,OWID_HIC,1989,0.62565017
High-income countries,OWID_HIC,1990,0.9209553
High-income countries,OWID_HIC,1991,1.3120123
High-income countries,OWID_HIC,1992,1.8271371
High-income countries,OWID_HIC,1993,2.6082578
High-income countries,OWID_HIC,1994,4.1009603
High-income countries,OWID_HIC,1995,6.4919887
High-income countries,OWID_HIC,1996,10.145704
High-income countries,OWID_HIC,1997,14.371778
High-income countries,OWID_HIC,1998,20.707151
High-income countries,OWID_HIC,1999,30.480658
High-income countries,OWID_HIC,2015,122.7
High-income countries,OWID_HIC,2016,123.3
High-income countries,OWID_HIC,2017,122.9
High-income countries,OWID_HIC,2018,124.2
High-income countries,OWID_HIC,2019,126.1
High-income countries,OWID_HIC,2020,125.9
High-income countries,OWID_HIC,2021,128.7
High-income countries,OWID_HIC,2022,131.3
High-income countries,OWID_HIC,2023,135.8
High-income countries,OWID_HIC,2024,138.5
High-income countries,OWID_HIC,2025,141.6
Honduras,HND,1980,0
Honduras,HND,1981,0
Honduras,HND,1982,0
Honduras,HND,1983,0
Honduras,HND,1984,0
Honduras,HND,1985,0
Honduras,HND,1986,0
Honduras,HND,1987,0
Honduras,HND,1988,0
Honduras,HND,1989,0
Honduras,HND,1990,0
Honduras,HND,1991,0
Honduras,HND,1992,0
Honduras,HND,1993,0
Honduras,HND,1994,0
Honduras,HND,1995,0
Honduras,HND,1996,0.038667794
Honduras,HND,1997,0.23481017
Honduras,HND,1998,0.5531552
Honduras,HND,1999,1.2132711
Honduras,HND,2000,2.36054
Honduras,HND,2001,3.51627
Honduras,HND,2002,4.7055
Honduras,HND,2003,5.32871
Honduras,HND,2004,9.68902
Honduras,HND,2005,17.1356
Honduras,HND,2006,29.2648
Honduras,HND,2007,53.4134
Honduras,HND,2008,77.5119
Honduras,HND,2009,102.452
Honduras,HND,2010,113.617
Honduras,HND,2011,94.399
Honduras,HND,2012,84.5665
Honduras,HND,2013,87.3776
Honduras,HND,2014,85.2365
Honduras,HND,2015,87.1292
Honduras,HND,2016,83.2181
Honduras,HND,2017,85.8717
Honduras,HND,2018,77.7101
Honduras,HND,2019,76.0268
Honduras,HND,2020,68.7836
Honduras,HND,2021,73.4772
Honduras,HND,2022,75.8551
Honduras,HND,2023,74.4148
Hong Kong,HKG,1980,0
Hong Kong,HKG,1981,0
Hong Kong,HKG,1982,0
Hong Kong,HKG,1983,0
Hong Kong,HKG,1984,0.018749164
Hong Kong,HKG,1985,0.08130562
Hong Kong,HKG,1986,0.18205681
Hong Kong,HKG,1987,0.5029996
Hong Kong,HKG,1988,0.905109
Hong Kong,HKG,1989,1.5504525
Hong Kong,HKG,1990,2.2935739
Hong Kong,HKG,1991,3.2019193
Hong Kong,HKG,1992,3.8837588
Hong Kong,HKG,1993,4.7758975
Hong Kong,HKG,1994,7.859394
Hong Kong,HKG,1995,12.786531
Hong Kong,HKG,1996,21.502693
Hong Kong,HKG,1997,34.61854
Hong Kong,HKG,1998,48.492832
Hong Kong,HKG,1999,64.36421
Hong Kong,HKG,2000,81.2471
Hong Kong,HKG,2001,85.2695
Hong Kong,HKG,2002,93.7596
Hong Kong,HKG,2003,107.148
Hong Kong,HKG,2004,119.247
Hong Kong,HKG,2005,123.678
Hong Kong,HKG,2006,136.258
Hong Kong,HKG,2007,154.226
Hong Kong,HKG,2008,164.943
Hong Kong,HKG,2009,178.317
Hong Kong,HKG,2010,194.234
Hong Kong,HKG,2011,214.098
Hong Kong,HKG,2012,227.571
Hong Kong,HKG,2013,233.65
Hong Kong,HKG,2014,231.702
Hong Kong,HKG,2015,227.037
Hong Kong,HKG,2016,237.378
Hong Kong,HKG,2017,247.079
Hong Kong,HKG,2018,266.34
Hong Kong,HKG,2019,286.619
Hong Kong,HKG,2020,291.916
Hong Kong,HKG,2021,319.852
Hong Kong,HKG,2022,292.808
Hong Kong,HKG,2023,319.494
Hungary,HUN,1980,0
Hungary,HUN,1981,0
Hungary,HUN,1982,0
Hungary,HUN,1983,0
Hungary,HUN,1984,0
Hungary,HUN,1985,0
Hungary,HUN,1986,0
Hungary,HUN,1987,0
Hungary,HUN,1988,0
Hungary,HUN,1989,0
Hungary,HUN,1990,0.025491543
Hungary,HUN,1991,0.081708014
Hungary,HUN,1992,0.22460815
Hungary,HUN,1993,0.44134542
Hungary,HUN,1994,1.3826532
Hungary,HUN,1995,2.5660467
Hungary,HUN,1996,4.58952
Hungary,HUN,1997,6.861471
Hungary,HUN,1998,10.429369
Hungary,HUN,1999,15.915076
Hungary,HUN,2000,30.1874
Hungary,HUN,2001,48.8599
Hungary,HUN,2002,67.9206
Hungary,HUN,2003,78.5895
Hungary,HUN,2004,86.5295
Hungary,HUN,2005,92.5916
Hungary,HUN,2006,99.162
Hungary,HUN,2007,109.925
Hungary,HUN,2008,122.038
Hungary,HUN,2009,117.909
Hungary,HUN,2010,120.369
Hungary,HUN,2011,117.526
Hungary,HUN,2012,116.768
Hungary,HUN,2013,117.2
Hungary,HUN,2014,118.896
Hungary,HUN,2015,100.624
Hungary,HUN,2016,101.442
Hungary,HUN,2017,101.629
Hungary,HUN,2018,102.737
Hungary,HUN,2019,105.142
Hungary,HUN,2020,105.982
Hungary,HUN,2021,105.137
Hungary,HUN,2022,105.794
Hungary,HUN,2023,105.054
Iceland,ISL,1980,0
Iceland,ISL,1981,0
Iceland,ISL,1982,0
Iceland,ISL,1983,0
Iceland,ISL,1984,0
Iceland,ISL,1985,0
Iceland,ISL,1986,1.0856478
Iceland,ISL,1987,2.0355077
Iceland,ISL,1988,2.608466
Iceland,ISL,1989,3.119245
Iceland,ISL,1990,3.9251978
Iceland,ISL,1991,4.9959106
Iceland,ISL,1992,5.8374352
Iceland,ISL,1993,6.5960174
Iceland,ISL,1994,8.205496
Iceland,ISL,1995,11.53724
Iceland,ISL,1996,17.390837
Iceland,ISL,1997,24.089388
Iceland,ISL,1998,38.01885
Iceland,ISL,1999,62.17501
Iceland,ISL,2000,76.3993
Iceland,ISL,2001,87.0473
Iceland,ISL,2002,90.5534
Iceland,ISL,2003,96.5695
Iceland,ISL,2004,99.2812
Iceland,ISL,2005,95.3759
Iceland,ISL,2006,99.3576
Iceland,ISL,2007,104.636
Iceland,ISL,2008,106.112
Iceland,ISL,2009,106.623
Iceland,ISL,2010,107.204
Iceland,ISL,2011,107.817
Iceland,ISL,2012,109.747
Iceland,ISL,2013,109.997
Iceland,ISL,2014,112.987
Iceland,ISL,2015,116.004
Iceland,ISL,2016,119.679
Iceland,ISL,2017,116.796
Iceland,ISL,2018,116.581
Iceland,ISL,2019,114.623
Iceland,ISL,2020,114.939
Iceland,ISL,2021,117.343
Iceland,ISL,2022,120.115
Iceland,ISL,2023,123.382
India,IND,1980,0
India,IND,1981,0
India,IND,1982,0
India,IND,1983,0
India,IND,1984,0
India,IND,1985,0
India,IND,1986,0
India,IND,1987,0
India,IND,1988,0
India,IND,1989,0
India,IND,1990,0
India,IND,1991,0
India,IND,1992,0
India,IND,1993,0
India,IND,1994,0
India,IND,1995,0.007952054
India,IND,1996,0.033354346
India,IND,1997,0.08797845
India,IND,1998,0.11703148
India,IND,1999,0.18109667
India,IND,2000,0.338124
India,IND,2001,0.606736
India,IND,2002,1.1844
India,IND,2003,3.01665
India,IND,2004,4.59687
India,IND,2005,7.80652
India,IND,2006,14.1575
India,IND,2007,19.6208
India,IND,2008,28.7177
India,IND,2009,42.8461
India,IND,2010,60.4906
India,IND,2011,70.8726
India,IND,2012,67.6264
India,IND,2013,68.3967
India,IND,2014,71.9367
India,IND,2015,75.3793
India,IND,2016,83.9178
India,IND,2017,85.9704
India,IND,2018,85.5501
India,IND,2019,82.8981
India,IND,2020,82.254
India,IND,2021,81.604
India,IND,2022,80.1818
India,IND,2023,80.5632
Indonesia,IDN,1980,0
Indonesia,IDN,1981,0
Indonesia,IDN,1982,0
Indonesia,IDN,1983,0
Indonesia,IDN,1984,0.001078038
Indonesia,IDN,1985,0.001223825
Indonesia,IDN,1986,0.002678921
Indonesia,IDN,1987,0.003666018
Indonesia,IDN,1988,0.005127077
Indonesia,IDN,1989,0.007224398
Indonesia,IDN,1990,0.009934131
Indonesia,IDN,1991,0.013232541
Indonesia,IDN,1992,0.018851452
Indonesia,IDN,1993,0.027870428
Indonesia,IDN,1994,0.040026978
Indonesia,IDN,1995,0.1063101
Indonesia,IDN,1996,0.27933973
Indonesia,IDN,1997,0.4477261
Indonesia,IDN,1998,0.5127697
Indonesia,IDN,1999,1.0526074
Indonesia,IDN,2000,1.69815
Indonesia,IDN,2001,2.97627
Indonesia,IDN,2002,5.26817
Indonesia,IDN,2003,8.21836
Indonesia,IDN,2004,13.3098
Indonesia,IDN,2005,20.3186
Indonesia,IDN,2006,27.2719
Indonesia,IDN,2007,39.3934
Indonesia,IDN,2008,58.5358
Indonesia,IDN,2009,67.2958
Indonesia,IDN,2010,85.7839
Indonesia,IDN,2011,100.135
Indonesia,IDN,2012,111.581
Indonesia,IDN,2013,122.425
Indonesia,IDN,2014,125.767
Indonesia,IDN,2015,129.469
Indonesia,IDN,2016,145.704
Indonesia,IDN,2017,162.783
Indonesia,IDN,2018,118.33
Indonesia,IDN,2019,125.244
Indonesia,IDN,2020,129.404
Indonesia,IDN,2021,132.199
Indonesia,IDN,2022,122.873
Indonesia,IDN,2023,125.238
Iran,IRN,1980,0
Iran,IRN,1981,0
Iran,IRN,1982,0
Iran,IRN,1983,0
Iran,IRN,1984,0
Iran,IRN,1985,0
Iran,IRN,1986,0
Iran,IRN,1987,0
Iran,IRN,1988,0
Iran,IRN,1989,0
Iran,IRN,1990,0
Iran,IRN,1991,0
Iran,IRN,1992,0
Iran,IRN,1993,0
Iran,IRN,1994,0.015336976
Iran,IRN,1995,0.026156837
Iran,IRN,1996,0.09735159
Iran,IRN,1997,0.38242632
Iran,IRN,1998,0.61450565
Iran,IRN,1999,0.7607289
Iran,IRN,2000,1.44928
Iran,IRN,2001,3.09458
Iran,IRN,2002,3.35112
Iran,IRN,2003,5.01659
Iran,IRN,2004,7.22451
Iran,IRN,2005,11.8484
Iran,IRN,2006,20.963
Iran,IRN,2007,39.9047
Iran,IRN,2008,56.9429
Iran,IRN,2009,68.7372
Iran,IRN,2010,69.8155
Iran,IRN,2011,71.4984
Iran,IRN,2012,73.2734
Iran,IRN,2013,81.1372
Iran,IRN,2014,84.5269
Iran,IRN,2015,89.8322
Iran,IRN,2016,96.0722
Iran,IRN,2017,102.376
Iran,IRN,2018,103.024
Iran,IRN,2019,135.622
Iran,IRN,2020,145.486
Iran,IRN,2021,153.625
Iran,IRN,2022,162.713
Iran,IRN,2023,166.28
Iraq,IRQ,1980,0
Iraq,IRQ,1981,0
Iraq,IRQ,1982,0
Iraq,IRQ,1983,0
Iraq,IRQ,1984,0
Iraq,IRQ,1985,0
Iraq,IRQ,1986,0
Iraq,IRQ,1987,0
Iraq,IRQ,1988,0
Iraq,IRQ,1989,0
Iraq,IRQ,1990,0
Iraq,IRQ,1991,0
Iraq,IRQ,1992,0
Iraq,IRQ,1993,0
Iraq,IRQ,1994,0
Iraq,IRQ,1995,0
Iraq,IRQ,1996,0
Iraq,IRQ,1997,0
Iraq,IRQ,1998,0
Iraq,IRQ,1999,0
Iraq,IRQ,2000,0
Iraq,IRQ,2001,0
Iraq,IRQ,2002,0.0769037
Iraq,IRQ,2003,0.298478
Iraq,IRQ,2004,2.08138
Iraq,IRQ,2005,5.39647
Iraq,IRQ,2006,32.6573
Iraq,IRQ,2007,49.3851
Iraq,IRQ,2008,60.5053
Iraq,IRQ,2009,66.9264
Iraq,IRQ,2010,74.9368
Iraq,IRQ,2011,79.3466
Iraq,IRQ,2012,79.5012
Iraq,IRQ,2013,91.9733
Iraq,IRQ,2014,90.2871
Iraq,IRQ,2015,89.3464
Iraq,IRQ,2016,86.9439
Iraq,IRQ,2017,84.9465
Iraq,IRQ,2018,90.716
Iraq,IRQ,2019,90.3685
Iraq,IRQ,2020,88.9799
Iraq,IRQ,2021,94.6093
Iraq,IRQ,2022,99.1324
Iraq,IRQ,2023,101.389
Ireland,IRL,1980,0
Ireland,IRL,1981,0
Ireland,IRL,1982,0
Ireland,IRL,1983,0
Ireland,IRL,1984,0
Ireland,IRL,1985,0.008557324
Ireland,IRL,1986,0.042666122
Ireland,IRL,1987,0.0988986
Ireland,IRL,1988,0.18010136
Ireland,IRL,1989,0.3898299
Ireland,IRL,1990,0.7172831
Ireland,IRL,1991,0.91303223
Ireland,IRL,1992,1.2470359
Ireland,IRL,1993,1.723214
Ireland,IRL,1994,2.4723282
Ireland,IRL,1995,4.4140463
Ireland,IRL,1996,8.001713
Ireland,IRL,1997,14.97191
Ireland,IRL,1998,25.715837
Ireland,IRL,1999,45.08171
Ireland,IRL,2000,64.7191
Ireland,IRL,2001,76.8836
Ireland,IRL,2002,76.3661
Ireland,IRL,2003,87.6548
Ireland,IRL,2004,94.9321
Ireland,IRL,2005,102.761
Ireland,IRL,2006,109.871
Ireland,IRL,2007,113.138
Ireland,IRL,2008,112.531
Ireland,IRL,2009,103.766
Ireland,IRL,2010,103.123
Ireland,IRL,2011,107.135
Ireland,IRL,2012,108.99
Ireland,IRL,2013,105.538
Ireland,IRL,2014,105.461
Ireland,IRL,2015,104.243
Ireland,IRL,2016,102.558
Ireland,IRL,2017,101.842
Ireland,IRL,2018,102.03
Ireland,IRL,2019,104.598
Ireland,IRL,2020,105.046
Ireland,IRL,2021,106.87
Ireland,IRL,2022,110.609
Ireland,IRL,2023,110.798
Israel,ISR,1990,0.3172849
Israel,ISR,1991,0.46532217
Israel,ISR,1992,0.71079427
Israel,ISR,1993,1.236985
Israel,ISR,1994,2.4956548
Israel,ISR,1995,8.130637
Israel,ISR,1996,18.665178
Israel,ISR,1997,29.119965
Israel,ISR,1998,36.5789
Israel,ISR,1999,48.047344
Israel,ISR,2000,71.9991
Israel,ISR,2001,87.8696
Israel,ISR,2002,98.6269
Israel,ISR,2003,101.777
Israel,ISR,2004,109.174
Israel,ISR,2005,115.291
Israel,ISR,2006,122.79
Israel,ISR,2007,127.857
Israel,ISR,2008,126.817
Israel,ISR,2009,125.2
Israel,ISR,2010,124.183
Israel,ISR,2011,123.142
Israel,ISR,2012,121.257
Israel,ISR,2013,122.59
Israel,ISR,2014,120.296
Israel,ISR,2015,131.257
Israel,ISR,2016,128.745
Israel,ISR,2017,126.049
Israel,ISR,2018,125.733
Israel,ISR,2019,135.143
Israel,ISR,2020,139.426
Israel,ISR,2021,139.775
Israel,ISR,2022,151.138
Israel,ISR,2023,153.337
Italy,ITA,1980,0
Italy,ITA,1981,0
Italy,ITA,1982,0
Italy,ITA,1983,0
Italy,ITA,1984,0
Italy,ITA,1985,0.011326625
Italy,ITA,1986,0.01596778
Italy,ITA,1987,0.02918905
Italy,ITA,1988,0.059305582
Italy,ITA,1989,0.1165019
Italy,ITA,1990,0.46866828
Italy,ITA,1991,1.000097
Italy,ITA,1992,1.3777162
Italy,ITA,1993,2.1227124
Italy,ITA,1994,3.937851
Italy,ITA,1995,6.8963547
Italy,ITA,1996,11.286672
Italy,ITA,1997,20.619656
Italy,ITA,1998,35.984287
Italy,ITA,1999,53.20215
Italy,ITA,2000,73.7635
Italy,ITA,2001,89.4256
Italy,ITA,2002,94.3912
Italy,ITA,2003,98.3206
Italy,ITA,2004,107.861
Italy,ITA,2005,122.181
Italy,ITA,2006,136.871
Italy,ITA,2007,151.925
Italy,ITA,2008,151.676
Italy,ITA,2009,150.295
Italy,ITA,2010,155.684
Italy,ITA,2011,159.093
Italy,ITA,2012,160.559
Italy,ITA,2013,159.698
Italy,ITA,2014,148.217
Italy,ITA,2015,144.764
Italy,ITA,2016,142.127
Italy,ITA,2017,138.882
Italy,ITA,2018,138.265
Italy,ITA,2019,132.181
Italy,ITA,2020,129.49
Italy,ITA,2021,130.781
Italy,ITA,2022,131.674
Italy,ITA,2023,131.872
Jamaica,JAM,1980,0
Jamaica,JAM,1981,0
Jamaica,JAM,1982,0
Jamaica,JAM,1983,0
Jamaica,JAM,1984,0
Jamaica,JAM,1985,0
Jamaica,JAM,1986,0
Jamaica,JAM,1987,0
Jamaica,JAM,1988,0
Jamaica,JAM,1989,0
Jamaica,JAM,1990,0
Jamaica,JAM,1991,0.10145667
Jamaica,JAM,1992,0.3133197
Jamaica,JAM,1993,0.6189759
Jamaica,JAM,1994,1.0508891
Jamaica,JAM,1995,1.7987767
Jamaica,JAM,1996,2.1572163
Jamaica,JAM,1997,2.5830212
Jamaica,JAM,1998,3.0515022
Jamaica,JAM,1999,5.561363
Jamaica,JAM,2000,14.0712
Jamaica,JAM,2001,22.7795
Jamaica,JAM,2002,47.148
Jamaica,JAM,2003,59.337
Jamaica,JAM,2004,68.7649
Jamaica,JAM,2005,73.7408
Jamaica,JAM,2006,84.2161
Jamaica,JAM,2007,98.9141
Jamaica,JAM,2008,99.9152
Jamaica,JAM,2009,108.004
Jamaica,JAM,2010,115.769
Jamaica,JAM,2011,106.698
Jamaica,JAM,2012,97.9263
Jamaica,JAM,2013,102.246
Jamaica,JAM,2014,107.579
Jamaica,JAM,2015,111.942
Jamaica,JAM,2016,116.279
Jamaica,JAM,2017,109.783
Jamaica,JAM,2018,105.137
Jamaica,JAM,2019,107.105
Jamaica,JAM,2020,101.502
Jamaica,JAM,2021,102.387
Jamaica,JAM,2022,105.762
Jamaica,JAM,2023,115.092
Japan,JPN,1980,0
Japan,JPN,1981,0.011213345
Japan,JPN,1982,0.016628303
Japan,JPN,1983,0.022704022
Japan,JPN,1984,0.033528477
Japan,JPN,1985,0.051024187
Japan,JPN,1986,0.07816183
Japan,JPN,1987,0.123312645
Japan,JPN,1988,0.19779426
Japan,JPN,1989,0.39714077
Japan,JPN,1990,0.7018383
Japan,JPN,1991,1.1107147
Japan,JPN,1992,1.3761495
Japan,JPN,1993,1.7081057
Japan,JPN,1994,3.4617922
Japan,JPN,1995,9.337293
Japan,JPN,1996,21.400875
Japan,JPN,1997,30.35349
Japan,JPN,1998,37.454037
Japan,JPN,1999,44.917675
Japan,JPN,2000,52.5746
Japan,JPN,2001,58.7923
Japan,JPN,2002,63.6299
Japan,JPN,2003,67.8735
Japan,JPN,2004,71.5671
Japan,JPN,2005,75.4292
Japan,JPN,2006,77.9907
Japan,JPN,2007,83.8012
Japan,JPN,2008,86.1411
Japan,JPN,2009,90.7194
Japan,JPN,2010,96.1789
Japan,JPN,2011,103.642
Japan,JPN,2012,110.319
Japan,JPN,2013,115.787
Japan,JPN,2014,123.822
Japan,JPN,2015,126.151
Japan,JPN,2016,131.215
Japan,JPN,2017,135.986
Japan,JPN,2018,141.729
Japan,JPN,2019,147.21
Japan,JPN,2020,154.432
Japan,JPN,2021,159.516
Japan,JPN,2022,168.603
Japan,JPN,2023,178.432
Jordan,JOR,1980,0
Jordan,JOR,1981,0
Jordan,JOR,1982,0
Jordan,JOR,1983,0
Jordan,JOR,1984,0
Jordan,JOR,1985,0
Jordan,JOR,1986,0
Jordan,JOR,1987,0
Jordan,JOR,1988,0
Jordan,JOR,1989,0
Jordan,JOR,1990,0.0413436
Jordan,JOR,1991,0.039875858
Jordan,JOR,1992,0.03780819
Jordan,JOR,1993,0.035723407
Jordan,JOR,1994,0.03379953
Jordan,JOR,1995,0.26557833
Jordan,JOR,1996,0.52320886
Jordan,JOR,1997,0.95141923
Jordan,JOR,1998,1.7015306
Jordan,JOR,1999,2.3918881
Jordan,JOR,2000,7.22021
Jordan,JOR,2001,15.7418
Jordan,JOR,2002,21.7162
Jordan,JOR,2003,23.0817
Jordan,JOR,2004,27.6112
Jordan,JOR,2005,52.0384
Jordan,JOR,2006,67.572
Jordan,JOR,2007,69.8913
Jordan,JOR,2008,76.0181
Jordan,JOR,2009,84.2141
Jordan,JOR,2010,90.7217
Jordan,JOR,2011,100.029
Jordan,JOR,2012,118.414
Jordan,JOR,2013,129.057
Jordan,JOR,2014,126.169
Jordan,JOR,2015,144.561
Jordan,JOR,2016,98.122
Jordan,JOR,2017,94.8121
Jordan,JOR,2018,83.4592
Jordan,JOR,2019,72.8903
Jordan,JOR,2020,64.3143
Jordan,JOR,2021,65.7449
Jordan,JOR,2022,67.7457
Jordan,JOR,2023,67.5457
Kazakhstan,KAZ,1980,0
Kazakhstan,KAZ,1981,0
Kazakhstan,KAZ,1982,0
Kazakhstan,KAZ,1983,0
Kazakhstan,KAZ,1984,0
Kazakhstan,KAZ,1985,0
Kazakhstan,KAZ,1986,0
Kazakhstan,KAZ,1987,0
Kazakhstan,KAZ,1988,0
Kazakhstan,KAZ,1989,0
Kazakhstan,KAZ,1990,0
Kazakhstan,KAZ,1991,0
Kazakhstan,KAZ,1992,0
Kazakhstan,KAZ,1993,0
Kazakhstan,KAZ,1994,0.002388466
Kazakhstan,KAZ,1995,0.0279902
Kazakhstan,KAZ,1996,0.060690347
Kazakhstan,KAZ,1997,0.07080717
Kazakhstan,KAZ,1998,0.19193171
Kazakhstan,KAZ,1999,0.32445708
Kazakhstan,KAZ,2000,1.27281
Kazakhstan,KAZ,2001,3.73663
Kazakhstan,KAZ,2002,6.5595
Kazakhstan,KAZ,2003,8.45049
Kazakhstan,KAZ,2004,15.4383
Kazakhstan,KAZ,2005,33.8049
Kazakhstan,KAZ,2006,48.2854
Kazakhstan,KAZ,2007,75.7982
Kazakhstan,KAZ,2008,90.7713
Kazakhstan,KAZ,2009,102.668
Kazakhstan,KAZ,2010,115.239
Kazakhstan,KAZ,2011,147.901
Kazakhstan,KAZ,2012,174.709
Kazakhstan,KAZ,2013,172.955
Kazakhstan,KAZ,2014,160.503
Kazakhstan,KAZ,2015,145.482
Kazakhstan,KAZ,2016,139.051
Kazakhstan,KAZ,2017,143.113
Kazakhstan,KAZ,2018,137.675
Kazakhstan,KAZ,2019,133.88
Kazakhstan,KAZ,2020,124.698
Kazakhstan,KAZ,2021,123.944
Kazakhstan,KAZ,2022,125.642
Kazakhstan,KAZ,2023,127.115
Kenya,KEN,1980,0
Kenya,KEN,1981,0
Kenya,KEN,1982,0
Kenya,KEN,1983,0
Kenya,KEN,1984,0
Kenya,KEN,1985,0
Kenya,KEN,1986,0
Kenya,KEN,1987,0
Kenya,KEN,1988,0
Kenya,KEN,1989,0
Kenya,KEN,1990,0
Kenya,KEN,1991,0
Kenya,KEN,1992,0.004461439
Kenya,KEN,1993,0.004576275
Kenya,KEN,1994,0.007614676
Kenya,KEN,1995,0.008478944
Kenya,KEN,1996,0.010233296
Kenya,KEN,1997,0.023857486
Kenya,KEN,1998,0.03691479
Kenya,KEN,1999,0.07928216
Kenya,KEN,2000,0.41577
Kenya,KEN,2001,1.89758
Kenya,KEN,2002,3.63815
Kenya,KEN,2003,4.72713
Kenya,KEN,2004,7.33478
Kenya,KEN,2005,12.8839
Kenya,KEN,2006,19.8903
Kenya,KEN,2007,29.8383
Kenya,KEN,2008,41.584
Kenya,KEN,2009,47.9215
Kenya,KEN,2010,60.0234
Kenya,KEN,2011,65.673
Kenya,KEN,2012,70.0227
Kenya,KEN,2013,70.7541
Kenya,KEN,2014,73.0327
Kenya,KEN,2015,80.0958
Kenya,KEN,2016,80.9772
Kenya,KEN,2017,87.0265
Kenya,KEN,2018,98.5945
Kenya,KEN,2019,106.548
Kenya,KEN,2020,117.603
Kenya,KEN,2021,122.298
Kenya,KEN,2022,121.169
Kenya,KEN,2023,120.612
Kiribati,KIR,1980,0
Kiribati,KIR,1981,0
Kiribati,KIR,1982,0
Kiribati,KIR,1983,0
Kiribati,KIR,1984,0
Kiribati,KIR,1985,0
Kiribati,KIR,1986,0
Kiribati,KIR,1987,0
Kiribati,KIR,1988,0
Kiribati,KIR,1989,0
Kiribati,KIR,1990,0
Kiribati,KIR,1991,0
Kiribati,KIR,1992,0
Kiribati,KIR,1993,0
Kiribati,KIR,1994,0
Kiribati,KIR,1995,0
Kiribati,KIR,1996,0
Kiribati,KIR,1997,0
Kiribati,KIR,1998,0.02563983
Kiribati,KIR,1999,0.22912395
Kiribati,KIR,2000,0.338551
Kiribati,KIR,2001,0.437261
Kiribati,KIR,2002,0.536504
Kiribati,KIR,2003,0.558535
Kiribati,KIR,2004,0.640058
Kiribati,KIR,2005,0.663029
Kiribati,KIR,2006,0.699881
Kiribati,KIR,2007,0.734804
Kiribati,KIR,2008,0.95949
Kiribati,KIR,2009,9.30523
Kiribati,KIR,2010,9.74665
Kiribati,KIR,2011,12.4613
Kiribati,KIR,2012,16.0308
Kiribati,KIR,2013,17.5688
Kiribati,KIR,2014,26.0132
Kiribati,KIR,2015,35.0982
Kiribati,KIR,2016,43.89
Kiribati,KIR,2017,38.348
Kiribati,KIR,2018,43.6896
Kiribati,KIR,2019,44.1071
Kiribati,KIR,2020,43.3477
Kiribati,KIR,2021,40.998
Kiribati,KIR,2022,49.112
Kiribati,KIR,2023,51.2541
Kosovo,OWID_KOS,2005,30.9071
Kosovo,OWID_KOS,2006,30.997
Kosovo,OWID_KOS,2007,31.0997
Kosovo,OWID_KOS,2008,31.2073
Kosovo,OWID_KOS,2009,31.3148
Kosovo,OWID_KOS,2010,31.4187
Kosovo,OWID_KOS,2022,34.5402
Kuwait,KWT,1980,0
Kuwait,KWT,1981,0
Kuwait,KWT,1982,0
Kuwait,KWT,1983,0
Kuwait,KWT,1984,0
Kuwait,KWT,1985,0
Kuwait,KWT,1986,0.416647
Kuwait,KWT,1987,0.6980796
Kuwait,KWT,1988,0.8219231
Kuwait,KWT,1989,1.0180936
Kuwait,KWT,1990,1.2379563
Kuwait,KWT,1991,3.210153
Kuwait,KWT,1992,3.1469185
Kuwait,KWT,1993,3.889045
Kuwait,KWT,1994,5.191316
Kuwait,KWT,1995,7.105331
Kuwait,KWT,1996,8.868749
Kuwait,KWT,1997,11.921874
Kuwait,KWT,1998,13.739706
Kuwait,KWT,1999,15.979317
Kuwait,KWT,2000,24.3515
Kuwait,KWT,2001,43.7185
Kuwait,KWT,2002,59.5639
Kuwait,KWT,2003,67.3024
Kuwait,KWT,2004,82.2579
Kuwait,KWT,2005,61.7888
Kuwait,KWT,2006,49.8819
Kuwait,KWT,2007,56.8764
Kuwait,KWT,2008,56.5701
Kuwait,KWT,2009,93.6658
Kuwait,KWT,2010,135.19
Kuwait,KWT,2011,157.499
Kuwait,KWT,2012,152.831
Kuwait,KWT,2013,182.738
Kuwait,KWT,2014,207.324
Kuwait,KWT,2015,199.891
Kuwait,KWT,2016,191.294
Kuwait,KWT,2017,171.826
Kuwait,KWT,2018,164.22
Kuwait,KWT,2019,164.942
Kuwait,KWT,2020,153.866
Kuwait,KWT,2021,158.647
Kuwait,KWT,2022,168.35
Kuwait,KWT,2023,167.684
Kyrgyzstan,KGZ,1980,0
Kyrgyzstan,KGZ,1981,0
Kyrgyzstan,KGZ,1982,0
Kyrgyzstan,KGZ,1983,0
Kyrgyzstan,KGZ,1984,0
Kyrgyzstan,KGZ,1985,0
Kyrgyzstan,KGZ,1986,0
Kyrgyzstan,KGZ,1987,0
Kyrgyzstan,KGZ,1988,0
Kyrgyzstan,KGZ,1989,0
Kyrgyzstan,KGZ,1990,0
Kyrgyzstan,KGZ,1991,0
Kyrgyzstan,KGZ,1992,0
Kyrgyzstan,KGZ,1993,0
Kyrgyzstan,KGZ,1994,0
Kyrgyzstan,KGZ,1995,0
Kyrgyzstan,KGZ,1996,0
Kyrgyzstan,KGZ,1997,0
Kyrgyzstan,KGZ,1998,0.028064124
Kyrgyzstan,KGZ,1999,0.052757677
Kyrgyzstan,KGZ,2000,0.179099
Kyrgyzstan,KGZ,2001,0.532339
Kyrgyzstan,KGZ,2002,1.03756
Kyrgyzstan,KGZ,2003,2.68013
Kyrgyzstan,KGZ,2004,5.06194
Kyrgyzstan,KGZ,2005,10.3244
Kyrgyzstan,KGZ,2006,23.8858
Kyrgyzstan,KGZ,2007,40.8089
Kyrgyzstan,KGZ,2008,63.5284
Kyrgyzstan,KGZ,2009,83.1255
Kyrgyzstan,KGZ,2010,96.0617
Kyrgyzstan,KGZ,2011,112.201
Kyrgyzstan,KGZ,2012,119.333
Kyrgyzstan,KGZ,2013,116.218
Kyrgyzstan,KGZ,2014,128.231
Kyrgyzstan,KGZ,2015,126.284
Kyrgyzstan,KGZ,2016,124.639
Kyrgyzstan,KGZ,2017,136.138
Kyrgyzstan,KGZ,2018,137.742
Kyrgyzstan,KGZ,2019,132.777
Kyrgyzstan,KGZ,2020,109.78
Kyrgyzstan,KGZ,2021,108.172
Kyrgyzstan,KGZ,2022,106.926
Kyrgyzstan,KGZ,2023,108.591
Laos,LAO,1980,0
Laos,LAO,1981,0
Laos,LAO,1982,0
Laos,LAO,1983,0
Laos,LAO,1984,0
Laos,LAO,1985,0
Laos,LAO,1986,0
Laos,LAO,1987,0
Laos,LAO,1988,0
Laos,LAO,1989,0
Laos,LAO,1990,0
Laos,LAO,1991,0
Laos,LAO,1992,0.006358107
Laos,LAO,1993,0.007256745
Laos,LAO,1994,0.012999303
Laos,LAO,1995,0.031233309
Laos,LAO,1996,0.07514006
Laos,LAO,1997,0.095426925
Laos,LAO,1998,0.12298639
Laos,LAO,1999,0.22617741
Laos,LAO,2000,0.233484
Laos,LAO,2001,0.535092
Laos,LAO,2002,0.983088
Laos,LAO,2003,1.97045
Laos,LAO,2004,3.53172
Laos,LAO,2005,11.2024
Laos,LAO,2006,16.9299
Laos,LAO,2007,24.4114
Laos,LAO,2008,32.8857
Laos,LAO,2009,51.8236
Laos,LAO,2010,63.2029
Laos,LAO,2011,85.284
Laos,LAO,2012,65.9613
Laos,LAO,2013,69.7677
Laos,LAO,2014,68.9015
Laos,LAO,2015,54.7979
Laos,LAO,2016,57.2966
Laos,LAO,2017,52.8888
Laos,LAO,2018,51.3792
Laos,LAO,2019,64.0669
Laos,LAO,2020,63.114
Laos,LAO,2021,64.7101
Laos,LAO,2022,63.3546
Laos,LAO,2023,64.7588
Latin America and Caribbean (WB),WB_LAC,1980,0
Latin America and Caribbean (WB),WB_LAC,1981,0
Latin America and Caribbean (WB),WB_LAC,1982,0
Latin America and Caribbean (WB),WB_LAC,1983,0
Latin America and Caribbean (WB),WB_LAC,1984,0
Latin America and Caribbean (WB),WB_LAC,1985,0
Latin America and Caribbean (WB),WB_LAC,1986,0
Latin America and Caribbean (WB),WB_LAC,1987,0.0009544362
Latin America and Caribbean (WB),WB_LAC,1988,0.002868763
Latin America and Caribbean (WB),WB_LAC,1989,0.0072675915
Latin America and Caribbean (WB),WB_LAC,1990,0.028426878
Latin America and Caribbean (WB),WB_LAC,1991,0.066260524
Latin America and Caribbean (WB),WB_LAC,1992,0.14153807
Latin America and Caribbean (WB),WB_LAC,1993,0.24391906
Latin America and Caribbean (WB),WB_LAC,1994,0.47624692
Latin America and Caribbean (WB),WB_LAC,1995,0.81498057
Latin America and Caribbean (WB),WB_LAC,1996,1.3565818
Latin America and Caribbean (WB),WB_LAC,1997,2.560768
Latin America and Caribbean (WB),WB_LAC,1998,4.2000446
Latin America and Caribbean (WB),WB_LAC,1999,7.8110275
Latin America and Caribbean (WB),WB_LAC,2000,12.233761
Latin America and Caribbean (WB),WB_LAC,2001,16.027807
Latin America and Caribbean (WB),WB_LAC,2002,18.957188
Latin America and Caribbean (WB),WB_LAC,2003,23.26585
Latin America and Caribbean (WB),WB_LAC,2004,31.795444
Latin America and Caribbean (WB),WB_LAC,2005,43.25042
Latin America and Caribbean (WB),WB_LAC,2006,54.42474
Latin America and Caribbean (WB),WB_LAC,2007,67.12885
Latin America and Caribbean (WB),WB_LAC,2008,79.93778
Latin America and Caribbean (WB),WB_LAC,2009,88.246735
Latin America and Caribbean (WB),WB_LAC,2010,97.29011
Latin America and Caribbean (WB),WB_LAC,2011,105.94968
Latin America and Caribbean (WB),WB_LAC,2012,110.52267
Latin America and Caribbean (WB),WB_LAC,2013,116.16936
Latin America and Caribbean (WB),WB_LAC,2014,115.73316
Latin America and Caribbean (WB),WB_LAC,2015,112.2
Latin America and Caribbean (WB),WB_LAC,2016,110.6
Latin America and Caribbean (WB),WB_LAC,2017,107.3
Latin America and Caribbean (WB),WB_LAC,2018,105.7
Latin America and Caribbean (WB),WB_LAC,2019,103.3
Latin America and Caribbean (WB),WB_LAC,2020,102.8
Latin America and Caribbean (WB),WB_LAC,2021,108.7
Latin America and Caribbean (WB),WB_LAC,2022,109.9
Latin America and Caribbean (WB),WB_LAC,2023,112.6
Latin America and Caribbean (WB),WB_LAC,2024,114.6
Latin America and Caribbean (WB),WB_LAC,2025,116.8
Latvia,LVA,1980,0
Latvia,LVA,1981,0
Latvia,LVA,1982,0
Latvia,LVA,1983,0
Latvia,LVA,1984,0
Latvia,LVA,1985,0
Latvia,LVA,1986,0
Latvia,LVA,1987,0
Latvia,LVA,1988,0
Latvia,LVA,1989,0
Latvia,LVA,1990,0
Latvia,LVA,1991,0
Latvia,LVA,1992,0.038567208
Latvia,LVA,1993,0.14400005
Latvia,LVA,1994,0.32089573
Latvia,LVA,1995,0.58374
Latvia,LVA,1996,1.1245762
Latvia,LVA,1997,3.0853834
Latvia,LVA,1998,6.800856
Latvia,LVA,1999,11.30686
Latvia,LVA,2000,16.9434
Latvia,LVA,2001,28.0903
Latvia,LVA,2002,39.6822
Latvia,LVA,2003,53.2791
Latvia,LVA,2004,67.8708
Latvia,LVA,2005,83.5617
Latvia,LVA,2006,98.4076
Latvia,LVA,2007,100.738
Latvia,LVA,2008,105.552
Latvia,LVA,2009,107.542
Latvia,LVA,2010,109.928
Latvia,LVA,2011,112.091
Latvia,LVA,2012,129.305
Latvia,LVA,2013,127.073
Latvia,LVA,2014,119.55
Latvia,LVA,2015,130.949
Latvia,LVA,2016,135.227
Latvia,LVA,2017,126.847
Latvia,LVA,2018,107.397
Latvia,LVA,2019,108.222
Latvia,LVA,2020,107.902
Latvia,LVA,2021,114.645
Latvia,LVA,2022,115.203
Latvia,LVA,2023,119.91
Lebanon,LBN,1980,0
Lebanon,LBN,1981,0
Lebanon,LBN,1982,0
Lebanon,LBN,1983,0
Lebanon,LBN,1984,0
Lebanon,LBN,1985,0
Lebanon,LBN,1986,0
Lebanon,LBN,1987,0
Lebanon,LBN,1988,0
Lebanon,LBN,1989,0
Lebanon,LBN,1990,0
Lebanon,LBN,1991,0
Lebanon,LBN,1992,0
Lebanon,LBN,1993,0
Lebanon,LBN,1994,0
Lebanon,LBN,1995,3.0305786
Lebanon,LBN,1996,4.907984
Lebanon,LBN,1997,9.10275
Lebanon,LBN,1998,12.092034
Lebanon,LBN,1999,14.7528715
Lebanon,LBN,2000,17.162
Lebanon,LBN,2001,17.4186
Lebanon,LBN,2002,17.3654
Lebanon,LBN,2003,17.5773
Lebanon,LBN,2004,19.2301
Lebanon,LBN,2005,21.2703
Lebanon,LBN,2006,23.2877
Lebanon,LBN,2007,26.0109
Lebanon,LBN,2008,28.9725
Lebanon,LBN,2009,47.8802
Lebanon,LBN,2010,56.8042
Lebanon,LBN,2011,67.8304
Lebanon,LBN,2012,71.7218
Lebanon,LBN,2013,67.6382
Lebanon,LBN,2014,69.1237
Lebanon,LBN,2015,71.961
Lebanon,LBN,2016,67.642
Lebanon,LBN,2017,71.4122
Lebanon,LBN,2018,73.9321
Lebanon,LBN,2019,73.1365
Lebanon,LBN,2020,75.2003
Lebanon,LBN,2021,74.9935
Lebanon,LBN,2022,74.0148
Lesotho,LSO,1980,0
Lesotho,LSO,1981,0
Lesotho,LSO,1982,0
Lesotho,LSO,1983,0
Lesotho,LSO,1984,0
Lesotho,LSO,1985,0
Lesotho,LSO,1986,0
Lesotho,LSO,1987,0
Lesotho,LSO,1988,0
Lesotho,LSO,1989,0
Lesotho,LSO,1990,0
Lesotho,LSO,1991,0
Lesotho,LSO,1992,0
Lesotho,LSO,1993,0
Lesotho,LSO,1994,0
Lesotho,LSO,1995,0
Lesotho,LSO,1996,0.06454919
Lesotho,LSO,1997,0.17743269
Lesotho,LSO,1998,0.4951051
Lesotho,LSO,1999,0.6017321
Lesotho,LSO,2000,1.07789
Lesotho,LSO,2001,2.84878
Lesotho,LSO,2002,6.91605
Lesotho,LSO,2003,6.3449
Lesotho,LSO,2004,9.95435
Lesotho,LSO,2005,12.7894
Lesotho,LSO,2006,18.4011
Lesotho,LSO,2007,24.6999
Lesotho,LSO,2008,30.1655
Lesotho,LSO,2009,33.369
Lesotho,LSO,2010,49.4651
Lesotho,LSO,2011,61.1891
Lesotho,LSO,2012,75.9364
Lesotho,LSO,2013,87.0553
Lesotho,LSO,2014,102.822
Lesotho,LSO,2015,101.688
Lesotho,LSO,2016,107.158
Lesotho,LSO,2017,110.37
Lesotho,LSO,2018,72.4555
Lesotho,LSO,2019,76.1125
Lesotho,LSO,2020,69.8944
Lesotho,LSO,2021,80.5368
Lesotho,LSO,2022,68.1001
Lesotho,LSO,2023,69.3513
Liberia,LBR,1980,0
Liberia,LBR,1981,0
Liberia,LBR,1982,0
Liberia,LBR,1983,0
Liberia,LBR,1984,0
Liberia,LBR,1985,0
Liberia,LBR,1986,0
Liberia,LBR,1987,0
Liberia,LBR,1988,0
Liberia,LBR,1989,0
Liberia,LBR,1990,0
Liberia,LBR,1991,0
Liberia,LBR,1992,0
Liberia,LBR,1993,0
Liberia,LBR,1994,0
Liberia,LBR,1995,0
Liberia,LBR,1996,0
Liberia,LBR,1997,0
Liberia,LBR,1998,0
Liberia,LBR,1999,0
Liberia,LBR,2000,0.0512275
Liberia,LBR,2001,0.0663276
Liberia,LBR,2002,0.161562
Liberia,LBR,2003,1.51465
Liberia,LBR,2004,2.98933
Liberia,LBR,2005,4.84699
Liberia,LBR,2006,8.02111
Liberia,LBR,2007,15.3446
Liberia,LBR,2008,22.3666
Liberia,LBR,2009,27.5185
Liberia,LBR,2010,38.7128
Liberia,LBR,2011,47.869
Liberia,LBR,2012,54.4221
Liberia,LBR,2013,57.0613
Liberia,LBR,2014,70.6628
Liberia,LBR,2015,78.3787
Liberia,LBR,2016,65.5437
Liberia,LBR,2017,54.8575
Liberia,LBR,2019,38.4042
Liberia,LBR,2020,32.1004
Liberia,LBR,2021,31.4299
Liberia,LBR,2022,32.0639
Libya,LBY,1980,0
Libya,LBY,1981,0
Libya,LBY,1982,0
Libya,LBY,1983,0
Libya,LBY,1984,0
Libya,LBY,1985,0
Libya,LBY,1986,0
Libya,LBY,1987,0
Libya,LBY,1988,0
Libya,LBY,1989,0
Libya,LBY,1990,0
Libya,LBY,1991,0
Libya,LBY,1992,0
Libya,LBY,1993,0
Libya,LBY,1994,0
Libya,LBY,1995,0
Libya,LBY,1996,0
Libya,LBY,1997,0.20398398
Libya,LBY,1998,0.40152887
Libya,LBY,1999,0.59312004
Libya,LBY,2000,0.754003
Libya,LBY,2001,0.925302
Libya,LBY,2002,1.27078
Libya,LBY,2003,2.26003
Libya,LBY,2004,8.71582
Libya,LBY,2005,34.1367
Libya,LBY,2006,65.676
Libya,LBY,2007,73.7176
Libya,LBY,2008,118.342
Libya,LBY,2009,149.75
Libya,LBY,2010,167.748
Libya,LBY,2011,157.649
Libya,LBY,2012,155.146
Libya,LBY,2013,162.346
Libya,LBY,2014,132.204
Libya,LBY,2015,149.225
Libya,LBY,2016,115.499
Libya,LBY,2017,89.3338
Libya,LBY,2019,164.004
Libya,LBY,2020,164.987
Libya,LBY,2021,195.118
Libya,LBY,2022,192.973
Liechtenstein,LIE,1990,0
Liechtenstein,LIE,1998,23.299162
Liechtenstein,LIE,1999,27.594666
Liechtenstein,LIE,2000,30.1996
Liechtenstein,LIE,2001,32.8908
Liechtenstein,LIE,2002,33.7917
Liechtenstein,LIE,2003,73.3999
Liechtenstein,LIE,2004,74.1516
Liechtenstein,LIE,2005,79.2799
Liechtenstein,LIE,2006,82.2159
Liechtenstein,LIE,2007,90.8789
Liechtenstein,LIE,2008,95.926
Liechtenstein,LIE,2009,97.9926
Liechtenstein,LIE,2010,98.6139
Liechtenstein,LIE,2011,101.93
Liechtenstein,LIE,2012,98.59
Liechtenstein,LIE,2013,104.11
Liechtenstein,LIE,2014,109.388
Liechtenstein,LIE,2015,109.492
Liechtenstein,LIE,2016,117.767
Liechtenstein,LIE,2017,122.594
Liechtenstein,LIE,2018,123.979
Liechtenstein,LIE,2019,124.214
Liechtenstein,LIE,2020,126.105
Liechtenstein,LIE,2021,126.071
Liechtenstein,LIE,2022,126.307
Liechtenstein,LIE,2023,127.059
Lithuania,LTU,1980,0
Lithuania,LTU,1981,0
Lithuania,LTU,1982,0
Lithuania,LTU,1983,0
Lithuania,LTU,1984,0
Lithuania,LTU,1985,0
Lithuania,LTU,1986,0
Lithuania,LTU,1987,0
Lithuania,LTU,1988,0
Lithuania,LTU,1989,0
Lithuania,LTU,1990,0
Lithuania,LTU,1991,0
Lithuania,LTU,1992,0.007034198
Lithuania,LTU,1993,0.03278318
Lithuania,LTU,1994,0.119667225
Lithuania,LTU,1995,0.394821
Lithuania,LTU,1996,1.3694975
Lithuania,LTU,1997,4.4747405
Lithuania,LTU,1998,7.300894
Lithuania,LTU,1999,9.136079
Lithuania,LTU,2000,14.9697
Lithuania,LTU,2001,29.3118
Lithuania,LTU,2002,47.78
Lithuania,LTU,2003,61.553
Lithuania,LTU,2004,90.3593
Lithuania,LTU,2005,131.039
Lithuania,LTU,2006,144.296
Lithuania,LTU,2007,152.012
Lithuania,LTU,2008,157.032
Lithuania,LTU,2009,156.848
Lithuania,LTU,2010,157.89
Lithuania,LTU,2011,163.043
Lithuania,LTU,2012,167.226
Lithuania,LTU,2013,154.341
Lithuania,LTU,2014,145.494
Lithuania,LTU,2015,143.991
Lithuania,LTU,2016,146.55
Lithuania,LTU,2017,154.148
Lithuania,LTU,2018,134.334
Lithuania,LTU,2019,132.529
Lithuania,LTU,2020,131.341
Lithuania,LTU,2021,133.357
Lithuania,LTU,2022,135.834
Lithuania,LTU,2023,137.204
Low-income countries,OWID_LIC,1980,0
Low-income countries,OWID_LIC,1981,0
Low-income countries,OWID_LIC,1982,0
Low-income countries,OWID_LIC,1983,0
Low-income countries,OWID_LIC,1984,0
Low-income countries,OWID_LIC,1985,0
Low-income countries,OWID_LIC,1986,0
Low-income countries,OWID_LIC,1987,0
Low-income countries,OWID_LIC,1988,0
Low-income countries,OWID_LIC,1989,0
Low-income countries,OWID_LIC,1990,0
Low-income countries,OWID_LIC,1991,0
Low-income countries,OWID_LIC,1992,0.0006702118
Low-income countries,OWID_LIC,1993,0.002214204
Low-income countries,OWID_LIC,1994,0.003492511
Low-income countries,OWID_LIC,1995,0.006779636
Low-income countries,OWID_LIC,1996,0.010263741
Low-income countries,OWID_LIC,1997,0.016622012
Low-income countries,OWID_LIC,1998,0.034507345
Low-income countries,OWID_LIC,1999,0.06603062
Low-income countries,OWID_LIC,2015,52.7
Low-income countries,OWID_LIC,2016,50.8
Low-income countries,OWID_LIC,2017,50.7
Low-income countries,OWID_LIC,2018,50.6
Low-income countries,OWID_LIC,2019,52.3
Low-income countries,OWID_LIC,2020,58
Low-income countries,OWID_LIC,2021,60.2
Low-income countries,OWID_LIC,2022,62.5
Low-income countries,OWID_LIC,2023,65.2
Low-income countries,OWID_LIC,2024,67
Low-income countries,OWID_LIC,2025,69.3
Lower-middle-income countries,OWID_LMC,1980,0
Lower-middle-income countries,OWID_LMC,1981,0
Lower-middle-income countries,OWID_LMC,1982,0
Lower-middle-income countries,OWID_LMC,1983,0
Lower-middle-income countries,OWID_LMC,1984,0
Lower-middle-income countries,OWID_LMC,1985,0
Lower-middle-income countries,OWID_LMC,1986,0
Lower-middle-income countries,OWID_LMC,1987,0.00018288585
Lower-middle-income countries,OWID_LMC,1988,0.00021635588
Lower-middle-income countries,OWID_LMC,1989,0.0002968631
Lower-middle-income countries,OWID_LMC,1990,0.00060215406
Lower-middle-income countries,OWID_LMC,1991,0.0030827778
Lower-middle-income countries,OWID_LMC,1992,0.0049250457
Lower-middle-income countries,OWID_LMC,1993,0.009693639
Lower-middle-income countries,OWID_LMC,1994,0.01645096
Lower-middle-income countries,OWID_LMC,1995,0.048655666
Lower-middle-income countries,OWID_LMC,1996,0.09929865
Lower-middle-income countries,OWID_LMC,1997,0.18020226
Lower-middle-income countries,OWID_LMC,1998,0.25453845
Lower-middle-income countries,OWID_LMC,1999,0.43210828
Lower-middle-income countries,OWID_LMC,2015,81.8
Lower-middle-income countries,OWID_LMC,2016,86.6
Lower-middle-income countries,OWID_LMC,2017,88.1
Lower-middle-income countries,OWID_LMC,2018,90.7
Lower-middle-income countries,OWID_LMC,2019,92.4
Lower-middle-income countries,OWID_LMC,2020,92.9
Lower-middle-income countries,OWID_LMC,2021,92.8
Lower-middle-income countries,OWID_LMC,2022,93.6
Lower-middle-income countries,OWID_LMC,2023,92.8
Lower-middle-income countries,OWID_LMC,2024,90.9
Lower-middle-income countries,OWID_LMC,2025,89.9
Luxembourg,LUX,1980,0
Luxembourg,LUX,1981,0
Luxembourg,LUX,1982,0
Luxembourg,LUX,1983,0
Luxembourg,LUX,1984,0
Luxembourg,LUX,1985,0.010915064
Luxembourg,LUX,1986,0.079311185
Luxembourg,LUX,1987,0.10120747
Luxembourg,LUX,1988,0.14514022
Luxembourg,LUX,1989,0.17641644
Luxembourg,LUX,1990,0.21612208
Luxembourg,LUX,1991,0.2947738
Luxembourg,LUX,1992,0.2860675
Luxembourg,LUX,1993,1.2810752
Luxembourg,LUX,1994,3.2073605
Luxembourg,LUX,1995,6.5838313
Luxembourg,LUX,1996,10.890557
Luxembourg,LUX,1997,16.062637
Luxembourg,LUX,1998,30.809256
Luxembourg,LUX,1999,48.722713
Luxembourg,LUX,2000,69.5372
Luxembourg,LUX,2001,92.6004
Luxembourg,LUX,2002,105.961
Luxembourg,LUX,2003,119.291
Luxembourg,LUX,2004,102.554
Luxembourg,LUX,2005,109.592
Luxembourg,LUX,2006,150.783
Luxembourg,LUX,2007,142.524
Luxembourg,LUX,2008,144.584
Luxembourg,LUX,2009,144.524
Luxembourg,LUX,2010,143.277
Luxembourg,LUX,2011,147.512
Luxembourg,LUX,2012,143.388
Luxembourg,LUX,2013,145.093
Luxembourg,LUX,2014,144.244
Luxembourg,LUX,2015,141.659
Luxembourg,LUX,2016,130.933
Luxembourg,LUX,2017,133.111
Luxembourg,LUX,2018,131.327
Luxembourg,LUX,2019,131.87
Luxembourg,LUX,2020,132.909
Luxembourg,LUX,2021,136.871
Luxembourg,LUX,2022,139.651
Luxembourg,LUX,2023,144.475
Macao,MAC,1980,0
Macao,MAC,1981,0
Macao,MAC,1982,0
Macao,MAC,1983,0
Macao,MAC,1984,0
Macao,MAC,1985,0
Macao,MAC,1986,0
Macao,MAC,1987,0
Macao,MAC,1988,0
Macao,MAC,1989,0.4019731
Macao,MAC,1990,0.63730097
Macao,MAC,1991,1.3375093
Macao,MAC,1992,2.8232672
Macao,MAC,1993,3.975446
Macao,MAC,1994,5.515973
Macao,MAC,1995,9.046216
Macao,MAC,1996,11.077994
Macao,MAC,1997,12.835803
Macao,MAC,1998,19.608095
Macao,MAC,1999,27.754642
Macao,MAC,2000,32.2545
Macao,MAC,2001,43.69
Macao,MAC,2002,60.5547
Macao,MAC,2003,77.6098
Macao,MAC,2004,89.6827
Macao,MAC,2005,107.539
Macao,MAC,2006,125.081
Macao,MAC,2007,152.089
Macao,MAC,2008,174.015
Macao,MAC,2009,188.792
Macao,MAC,2010,199.405
Macao,MAC,2011,235.079
Macao,MAC,2012,274.656
Macao,MAC,2013,287.643
Macao,MAC,2014,304.185
Macao,MAC,2015,304.751
Macao,MAC,2016,310.568
Macao,MAC,2017,316.602
Macao,MAC,2018,331.1
Macao,MAC,2019,416.261
Macao,MAC,2020,237.344
Macao,MAC,2021,183.575
Macao,MAC,2022,172.245
Macao,MAC,2023,192.478
Madagascar,MDG,1980,0
Madagascar,MDG,1981,0
Madagascar,MDG,1982,0
Madagascar,MDG,1983,0
Madagascar,MDG,1984,0
Madagascar,MDG,1985,0
Madagascar,MDG,1986,0
Madagascar,MDG,1987,0
Madagascar,MDG,1988,0
Madagascar,MDG,1989,0
Madagascar,MDG,1990,0
Madagascar,MDG,1991,0
Madagascar,MDG,1992,0
Madagascar,MDG,1993,0
Madagascar,MDG,1994,0.002232787
Madagascar,MDG,1995,0.009373329
Madagascar,MDG,1996,0.016064309
Madagascar,MDG,1997,0.02774225
Madagascar,MDG,1998,0.083824374
Madagascar,MDG,1999,0.22727267
Madagascar,MDG,2000,0.38201
Madagascar,MDG,2001,0.865969
Madagascar,MDG,2002,0.928837
Madagascar,MDG,2003,1.56966
Madagascar,MDG,2004,1.79446
Madagascar,MDG,2005,2.66324
Madagascar,MDG,2006,5.30076
Madagascar,MDG,2007,10.9142
Madagascar,MDG,2008,23.1088
Madagascar,MDG,2009,29.1628
Madagascar,MDG,2010,34.7636
Madagascar,MDG,2011,38.0364
Madagascar,MDG,2012,37.4155
Madagascar,MDG,2013,35.0949
Madagascar,MDG,2014,39.2253
Madagascar,MDG,2015,42.0572
Madagascar,MDG,2016,30.6447
Madagascar,MDG,2017,32.5906
Madagascar,MDG,2018,38.7516
Madagascar,MDG,2019,46.078
Madagascar,MDG,2020,54.8085
Madagascar,MDG,2021,53.9177
Madagascar,MDG,2022,64.7495
Madagascar,MDG,2023,75.4563
Malawi,MWI,1980,0
Malawi,MWI,1981,0
Malawi,MWI,1982,0
Malawi,MWI,1983,0
Malawi,MWI,1984,0
Malawi,MWI,1985,0
Malawi,MWI,1986,0
Malawi,MWI,1987,0
Malawi,MWI,1988,0
Malawi,MWI,1989,0
Malawi,MWI,1990,0
Malawi,MWI,1991,0
Malawi,MWI,1992,0
Malawi,MWI,1993,0
Malawi,MWI,1994,0
Malawi,MWI,1995,0.003777385
Malawi,MWI,1996,0.03588565
Malawi,MWI,1997,0.06658627
Malawi,MWI,1998,0.09783408
Malawi,MWI,1999,0.20503089
Malawi,MWI,2000,0.433017
Malawi,MWI,2001,0.480719
Malawi,MWI,2002,0.724275
Malawi,MWI,2003,1.10917
Malawi,MWI,2004,1.77698
Malawi,MWI,2005,3.28008
Malawi,MWI,2006,4.69867
Malawi,MWI,2007,7.74032
Malawi,MWI,2008,10.7873
Malawi,MWI,2009,17.2665
Malawi,MWI,2010,21.0257
Malawi,MWI,2011,25.8864
Malawi,MWI,2012,29.58
Malawi,MWI,2013,32.7317
Malawi,MWI,2014,33.8868
Malawi,MWI,2015,38.4342
Malawi,MWI,2016,40.8844
Malawi,MWI,2017,43.0855
Malawi,MWI,2018,38.1956
Malawi,MWI,2019,46.7841
Malawi,MWI,2020,51.217
Malawi,MWI,2021,59.5599
Malawi,MWI,2022,59.6496
Malawi,MWI,2023,61.0866
Malaysia,MYS,1980,0
Malaysia,MYS,1981,0
Malaysia,MYS,1982,0
Malaysia,MYS,1983,0
Malaysia,MYS,1984,0
Malaysia,MYS,1986,0.069523625
Malaysia,MYS,1987,0.108594075
Malaysia,MYS,1988,0.16522017
Malaysia,MYS,1989,0.23160204
Malaysia,MYS,1990,0.49448955
Malaysia,MYS,1991,0.7215222
Malaysia,MYS,1992,1.0826154
Malaysia,MYS,1993,1.7848852
Malaysia,MYS,1994,2.918621
Malaysia,MYS,1995,4.9911685
Malaysia,MYS,1996,7.348428
Malaysia,MYS,1997,9.412128
Malaysia,MYS,1998,10.086865
Malaysia,MYS,1999,13.366919
Malaysia,MYS,2000,22.2997
Malaysia,MYS,2001,31.3901
Malaysia,MYS,2002,37.5605
Malaysia,MYS,2003,45.0737
Malaysia,MYS,2004,57.8498
Malaysia,MYS,2005,75.65
Malaysia,MYS,2006,73.6762
Malaysia,MYS,2007,86.4755
Malaysia,MYS,2008,100.518
Malaysia,MYS,2009,107.18
Malaysia,MYS,2010,118.157
Malaysia,MYS,2011,125.716
Malaysia,MYS,2012,139.315
Malaysia,MYS,2013,142.522
Malaysia,MYS,2014,146.366
Malaysia,MYS,2015,141.211
Malaysia,MYS,2016,136.725
Malaysia,MYS,2017,130.854
Malaysia,MYS,2018,128.873
Malaysia,MYS,2019,133.373
Malaysia,MYS,2020,129.018
Malaysia,MYS,2021,137.685
Malaysia,MYS,2022,138.208
Malaysia,MYS,2023,142.732
Maldives,MDV,1980,0
Maldives,MDV,1981,0
Maldives,MDV,1982,0
Maldives,MDV,1983,0
Maldives,MDV,1984,0
Maldives,MDV,1985,0
Maldives,MDV,1986,0
Maldives,MDV,1987,0
Maldives,MDV,1988,0
Maldives,MDV,1989,0
Maldives,MDV,1990,0
Maldives,MDV,1991,0
Maldives,MDV,1992,0
Maldives,MDV,1993,0
Maldives,MDV,1994,0
Maldives,MDV,1995,0
Maldives,MDV,1996,0.007580294
Maldives,MDV,1997,0.4794826
Maldives,MDV,1998,0.5865681
Maldives,MDV,1999,1.0520979
Maldives,MDV,2000,2.70833
Maldives,MDV,2001,6.58862
Maldives,MDV,2002,14.3679
Maldives,MDV,2003,22.4175
Maldives,MDV,2004,37.5717
Maldives,MDV,2005,66.4493
Maldives,MDV,2006,86.3636
Maldives,MDV,2007,96.6284
Maldives,MDV,2008,129.585
Maldives,MDV,2009,131.439
Maldives,MDV,2010,137.018
Maldives,MDV,2011,141.955
Maldives,MDV,2012,144.912
Maldives,MDV,2013,156.263
Maldives,MDV,2014,160.975
Maldives,MDV,2015,172.786
Maldives,MDV,2016,183.197
Maldives,MDV,2017,196.41
Maldives,MDV,2018,181.343
Maldives,MDV,2019,169.774
Maldives,MDV,2020,142.936
Maldives,MDV,2021,136.789
Maldives,MDV,2022,136.459
Maldives,MDV,2023,141.601
Mali,MLI,1980,0
Mali,MLI,1981,0
Mali,MLI,1982,0
Mali,MLI,1983,0
Mali,MLI,1984,0
Mali,MLI,1985,0
Mali,MLI,1986,0
Mali,MLI,1987,0
Mali,MLI,1988,0
Mali,MLI,1989,0
Mali,MLI,1990,0
Mali,MLI,1991,0
Mali,MLI,1992,0
Mali,MLI,1993,0
Mali,MLI,1994,0
Mali,MLI,1995,0
Mali,MLI,1996,0.011715466
Mali,MLI,1997,0.02743428
Mali,MLI,1998,0.042116765
Mali,MLI,1999,0.05850512
Mali,MLI,2000,0.0899536
Mali,MLI,2001,0.20145
Mali,MLI,2002,0.374136
Mali,MLI,2003,1.94895
Mali,MLI,2004,3.10524
Mali,MLI,2005,5.62823
Mali,MLI,2006,10.8144
Mali,MLI,2007,17.5054
Mali,MLI,2008,23.0146
Mali,MLI,2009,28.8979
Mali,MLI,2010,46.6622
Mali,MLI,2011,65.7107
Mali,MLI,2012,86.1757
Mali,MLI,2013,113.115
Mali,MLI,2014,130.44
Mali,MLI,2015,122.083
Mali,MLI,2016,105.348
Mali,MLI,2017,111.21
Mali,MLI,2018,107.404
Mali,MLI,2019,108.815
Mali,MLI,2020,116.587
Mali,MLI,2021,108.693
Mali,MLI,2022,112.12
Malta,MLT,1980,0
Malta,MLT,1981,0
Malta,MLT,1982,0
Malta,MLT,1983,0
Malta,MLT,1984,0
Malta,MLT,1985,0
Malta,MLT,1986,0
Malta,MLT,1987,0
Malta,MLT,1988,0
Malta,MLT,1989,0
Malta,MLT,1990,0
Malta,MLT,1991,0.61843926
Malta,MLT,1992,0.94116384
Malta,MLT,1993,1.4124256
Malta,MLT,1994,1.9811761
Malta,MLT,1995,2.8259935
Malta,MLT,1996,3.2444863
Malta,MLT,1997,4.54971
Malta,MLT,1998,5.7406454
Malta,MLT,1999,9.480481
Malta,MLT,2000,28.6185
Malta,MLT,2001,59.4403
Malta,MLT,2002,68.265
Malta,MLT,2003,71.0371
Malta,MLT,2004,74.5055
Malta,MLT,2005,78.3848
Malta,MLT,2006,83.468
Malta,MLT,2007,88.3348
Malta,MLT,2008,92.044
Malta,MLT,2009,100.306
Malta,MLT,2010,107.791
Malta,MLT,2011,122.872
Malta,MLT,2012,124.757
Malta,MLT,2013,129.922
Malta,MLT,2014,125.719
Malta,MLT,2015,117.794
Malta,MLT,2016,128.599
Malta,MLT,2017,129.249
Malta,MLT,2018,127.094
Malta,MLT,2019,125.866
Malta,MLT,2020,122.176
Malta,MLT,2021,123.941
Malta,MLT,2022,132.861
Malta,MLT,2023,140.594
Marshall Islands,MHL,1980,0
Marshall Islands,MHL,1981,0
Marshall Islands,MHL,1982,0
Marshall Islands,MHL,1983,0
Marshall Islands,MHL,1984,0
Marshall Islands,MHL,1985,0
Marshall Islands,MHL,1986,0
Marshall Islands,MHL,1987,0
Marshall Islands,MHL,1988,0
Marshall Islands,MHL,1989,0
Marshall Islands,MHL,1990,0
Marshall Islands,MHL,1991,0
Marshall Islands,MHL,1992,0
Marshall Islands,MHL,1993,0
Marshall Islands,MHL,1994,0.56179774
Marshall Islands,MHL,1995,0.52068955
Marshall Islands,MHL,1996,0.7082153
Marshall Islands,MHL,1997,0.89002633
Marshall Islands,MHL,1998,0.6489354
Marshall Islands,MHL,1999,0.8229
Marshall Islands,MHL,2000,0.881552
Marshall Islands,MHL,2001,0.956517
Marshall Islands,MHL,2002,1.07341
Marshall Islands,MHL,2003,1.15804
Marshall Islands,MHL,2004,1.24346
Marshall Islands,MHL,2005,1.27153
Marshall Islands,MHL,2014,31.127
Marshall Islands,MHL,2015,31.7623
Marshall Islands,MHL,2017,34.3872
Marshall Islands,MHL,2019,36.3579
Marshall Islands,MHL,2020,37.4655
Marshall Islands,MHL,2021,38.6782
Marshall Islands,MHL,2022,39.7061
Mauritania,MRT,1980,0
Mauritania,MRT,1981,0
Mauritania,MRT,1982,0
Mauritania,MRT,1983,0
Mauritania,MRT,1984,0
Mauritania,MRT,1985,0
Mauritania,MRT,1986,0
Mauritania,MRT,1987,0
Mauritania,MRT,1988,0
Mauritania,MRT,1989,0
Mauritania,MRT,1990,0
Mauritania,MRT,1991,0
Mauritania,MRT,1992,0
Mauritania,MRT,1993,0
Mauritania,MRT,1994,0
Mauritania,MRT,1995,0
Mauritania,MRT,1996,0
Mauritania,MRT,1997,0
Mauritania,MRT,1998,0
Mauritania,MRT,1999,0
Mauritania,MRT,2000,0.585435
Mauritania,MRT,2001,4.12366
Mauritania,MRT,2002,9.02772
Mauritania,MRT,2003,12.5249
Mauritania,MRT,2004,18.2106
Mauritania,MRT,2005,25.3692
Mauritania,MRT,2006,35.1772
Mauritania,MRT,2007,45.7142
Mauritania,MRT,2008,65.7184
Mauritania,MRT,2009,66.4419
Mauritania,MRT,2010,81.8661
Mauritania,MRT,2011,94.6316
Mauritania,MRT,2012,111.231
Mauritania,MRT,2013,106.798
Mauritania,MRT,2014,97.5267
Mauritania,MRT,2015,91.8941
Mauritania,MRT,2016,88.4383
Mauritania,MRT,2017,96.7595
Mauritania,MRT,2018,105.275
Mauritania,MRT,2019,105.441
Mauritania,MRT,2020,126.277
Mauritania,MRT,2021,137.54
Mauritania,MRT,2022,109.884
Mauritania,MRT,2023,90.7725
Mauritius,MUS,1980,0
Mauritius,MUS,1981,0
Mauritius,MUS,1982,0
Mauritius,MUS,1983,0
Mauritius,MUS,1984,0
Mauritius,MUS,1985,0
Mauritius,MUS,1986,0
Mauritius,MUS,1987,0
Mauritius,MUS,1988,0
Mauritius,MUS,1989,0
Mauritius,MUS,1990,0.20178118
Mauritius,MUS,1991,0.22639616
Mauritius,MUS,1992,0.26029888
Mauritius,MUS,1993,0.35623145
Mauritius,MUS,1994,0.49740183
Mauritius,MUS,1995,1.0114574
Mauritius,MUS,1996,1.7775909
Mauritius,MUS,1997,3.5900147
Mauritius,MUS,1998,5.058918
Mauritius,MUS,1999,8.471703
Mauritius,MUS,2000,14.795
Mauritius,MUS,2001,22.2235
Mauritius,MUS,2002,28.1611
Mauritius,MUS,2003,37.2277
Mauritius,MUS,2004,43.8266
Mauritius,MUS,2005,52.2447
Mauritius,MUS,2006,61.1178
Mauritius,MUS,2007,73.1476
Mauritius,MUS,2008,81.0663
Mauritius,MUS,2009,84.9704
Mauritius,MUS,2010,92.8426
Mauritius,MUS,2011,100.609
Mauritius,MUS,2012,115.252
Mauritius,MUS,2013,118.793
Mauritius,MUS,2014,127.863
Mauritius,MUS,2015,136.372
Mauritius,MUS,2016,140.424
Mauritius,MUS,2017,142.525
Mauritius,MUS,2018,148.817
Mauritius,MUS,2019,145.117
Mauritius,MUS,2020,149.07
Mauritius,MUS,2021,154.053
Mauritius,MUS,2022,164.309
Mauritius,MUS,2023,165.258
Mexico,MEX,1980,0
Mexico,MEX,1981,0
Mexico,MEX,1982,0
Mexico,MEX,1983,0
Mexico,MEX,1984,0
Mexico,MEX,1985,0
Mexico,MEX,1986,0
Mexico,MEX,1987,0
Mexico,MEX,1988,0.001901333
Mexico,MEX,1989,0.010594046
Mexico,MEX,1990,0.07822524
Mexico,MEX,1991,0.1930353
Mexico,MEX,1992,0.3678496
Mexico,MEX,1993,0.4456306
Mexico,MEX,1994,0.6445731
Mexico,MEX,1995,0.76527315
Mexico,MEX,1996,1.1157751
Mexico,MEX,1997,1.868165
Mexico,MEX,1998,3.5344212
Mexico,MEX,1999,8.025796
Mexico,MEX,2000,14.2741
Mexico,MEX,2001,21.736
Mexico,MEX,2002,25.5329
Mexico,MEX,2003,29.2272
Mexico,MEX,2004,36.8327
Mexico,MEX,2005,44.5403
Mexico,MEX,2006,51.649
Mexico,MEX,2007,61.1904
Mexico,MEX,2008,68.2256
Mexico,MEX,2009,74.2802
Mexico,MEX,2010,80.4263
Mexico,MEX,2011,82.0725
Mexico,MEX,2012,86.2256
Mexico,MEX,2013,90.2012
Mexico,MEX,2014,87.6145
Mexico,MEX,2015,88.9454
Mexico,MEX,2016,91.3942
Mexico,MEX,2017,92.6494
Mexico,MEX,2018,96.4612
Mexico,MEX,2019,97.0359
Mexico,MEX,2020,96.9237
Mexico,MEX,2021,99.0948
Mexico,MEX,2022,105.713
Mexico,MEX,2023,111.562
Micronesia (country),FSM,1980,0
Micronesia (country),FSM,1981,0
Micronesia (country),FSM,1982,0
Micronesia (country),FSM,1983,0
Micronesia (country),FSM,1984,0
Micronesia (country),FSM,1985,0
Micronesia (country),FSM,1986,0
Micronesia (country),FSM,1987,0
Micronesia (country),FSM,1988,0
Micronesia (country),FSM,1989,0
Micronesia (country),FSM,1990,0
Micronesia (country),FSM,1991,0
Micronesia (country),FSM,1992,0
Micronesia (country),FSM,1993,0
Micronesia (country),FSM,1994,0
Micronesia (country),FSM,1995,0
Micronesia (country),FSM,1996,0
Micronesia (country),FSM,1997,0
Micronesia (country),FSM,1998,0
Micronesia (country),FSM,1999,0
Micronesia (country),FSM,2000,0
Micronesia (country),FSM,2001,0
Micronesia (country),FSM,2002,0.08893
Micronesia (country),FSM,2003,5.22688
Micronesia (country),FSM,2004,11.4201
Micronesia (country),FSM,2005,12.6503
Micronesia (country),FSM,2006,16.8122
Micronesia (country),FSM,2007,24.9691
Micronesia (country),FSM,2008,25.2442
Micronesia (country),FSM,2009,25.4731
Micronesia (country),FSM,2010,25.5886
Micronesia (country),FSM,2011,25.6272
Micronesia (country),FSM,2012,28.9304
Micronesia (country),FSM,2013,29.0351
Micronesia (country),FSM,2015,20.7007
Micronesia (country),FSM,2016,21.4641
Micronesia (country),FSM,2017,21.1123
Micronesia (country),FSM,2019,20.8556
Micronesia (country),FSM,2020,19.8348
Micronesia (country),FSM,2021,19.709
Micronesia (country),FSM,2022,19.9886
"Middle East, North Africa, Afghanistan and Pakistan (WB)",WB_MENAP,1980,0
"Middle East, North Africa, Afghanistan and Pakistan (WB)",WB_MENAP,1981,0
"Middle East, North Africa, Afghanistan and Pakistan (WB)",WB_MENAP,1982,0.0012644002
"Middle East, North Africa, Afghanistan and Pakistan (WB)",WB_MENAP,1983,0.0018745844
"Middle East, North Africa, Afghanistan and Pakistan (WB)",WB_MENAP,1984,0.0025154806
"Middle East, North Africa, Afghanistan and Pakistan (WB)",WB_MENAP,1985,0.0040927874
"Middle East, North Africa, Afghanistan and Pakistan (WB)",WB_MENAP,1986,0.01032975
"Middle East, North Africa, Afghanistan and Pakistan (WB)",WB_MENAP,1987,0.015723458
"Middle East, North Africa, Afghanistan and Pakistan (WB)",WB_MENAP,1988,0.017840521
"Middle East, North Africa, Afghanistan and Pakistan (WB)",WB_MENAP,1989,0.02584076
"Middle East, North Africa, Afghanistan and Pakistan (WB)",WB_MENAP,1990,0.040454812
"Middle East, North Africa, Afghanistan and Pakistan (WB)",WB_MENAP,1991,0.05931056
"Middle East, North Africa, Afghanistan and Pakistan (WB)",WB_MENAP,1992,0.07079432
"Middle East, North Africa, Afghanistan and Pakistan (WB)",WB_MENAP,1993,0.09704435
"Middle East, North Africa, Afghanistan and Pakistan (WB)",WB_MENAP,1994,0.14592218
"Middle East, North Africa, Afghanistan and Pakistan (WB)",WB_MENAP,1995,0.3392148
"Middle East, North Africa, Afghanistan and Pakistan (WB)",WB_MENAP,1996,0.6956576
"Middle East, North Africa, Afghanistan and Pakistan (WB)",WB_MENAP,1997,1.1835728
"Middle East, North Africa, Afghanistan and Pakistan (WB)",WB_MENAP,1998,1.6612394
"Middle East, North Africa, Afghanistan and Pakistan (WB)",WB_MENAP,1999,2.406159
"Middle East, North Africa, Afghanistan and Pakistan (WB)",WB_MENAP,2000,4.47937
"Middle East, North Africa, Afghanistan and Pakistan (WB)",WB_MENAP,2001,7.3819995
"Middle East, North Africa, Afghanistan and Pakistan (WB)",WB_MENAP,2002,10.053949
"Middle East, North Africa, Afghanistan and Pakistan (WB)",WB_MENAP,2003,13.0443125
"Middle East, North Africa, Afghanistan and Pakistan (WB)",WB_MENAP,2004,18.04816
"Middle East, North Africa, Afghanistan and Pakistan (WB)",WB_MENAP,2005,27.742905
"Middle East, North Africa, Afghanistan and Pakistan (WB)",WB_MENAP,2006,39.64104
"Middle East, North Africa, Afghanistan and Pakistan (WB)",WB_MENAP,2007,54.729073
"Middle East, North Africa, Afghanistan and Pakistan (WB)",WB_MENAP,2008,66.160385
"Middle East, North Africa, Afghanistan and Pakistan (WB)",WB_MENAP,2009,79.352264
"Middle East, North Africa, Afghanistan and Pakistan (WB)",WB_MENAP,2010,88.98763
"Middle East, North Africa, Afghanistan and Pakistan (WB)",WB_MENAP,2011,95.417915
"Middle East, North Africa, Afghanistan and Pakistan (WB)",WB_MENAP,2012,100.33006
"Middle East, North Africa, Afghanistan and Pakistan (WB)",WB_MENAP,2013,105.50054
"Middle East, North Africa, Afghanistan and Pakistan (WB)",WB_MENAP,2014,105.7914
"Middle East, North Africa, Afghanistan and Pakistan (WB)",WB_MENAP,2015,105.2
"Middle East, North Africa, Afghanistan and Pakistan (WB)",WB_MENAP,2016,104
"Middle East, North Africa, Afghanistan and Pakistan (WB)",WB_MENAP,2017,103.1
"Middle East, North Africa, Afghanistan and Pakistan (WB)",WB_MENAP,2018,102.2
"Middle East, North Africa, Afghanistan and Pakistan (WB)",WB_MENAP,2019,107.8
"Middle East, North Africa, Afghanistan and Pakistan (WB)",WB_MENAP,2020,95.4
"Middle East, North Africa, Afghanistan and Pakistan (WB)",WB_MENAP,2021,98.3
"Middle East, North Africa, Afghanistan and Pakistan (WB)",WB_MENAP,2022,101.5
"Middle East, North Africa, Afghanistan and Pakistan (WB)",WB_MENAP,2023,102.4
"Middle East, North Africa, Afghanistan and Pakistan (WB)",WB_MENAP,2024,104.6
"Middle East, North Africa, Afghanistan and Pakistan (WB)",WB_MENAP,2025,107.1
Moldova,MDA,1980,0
Moldova,MDA,1981,0
Moldova,MDA,1982,0
Moldova,MDA,1983,0
Moldova,MDA,1984,0
Moldova,MDA,1985,0
Moldova,MDA,1986,0
Moldova,MDA,1987,0
Moldova,MDA,1988,0
Moldova,MDA,1989,0
Moldova,MDA,1990,0
Moldova,MDA,1991,0
Moldova,MDA,1992,0
Moldova,MDA,1993,0
Moldova,MDA,1994,0
Moldova,MDA,1995,0.000313815
Moldova,MDA,1996,0.02076658
Moldova,MDA,1997,0.05007067
Moldova,MDA,1998,0.16078891
Moldova,MDA,1999,0.41822165
Moldova,MDA,2000,3.2822
Moldova,MDA,2001,5.37022
Moldova,MDA,2002,8.16391
Moldova,MDA,2003,11.6213
Moldova,MDA,2004,19.4481
Moldova,MDA,2005,27.3224
Moldova,MDA,2006,34.6351
Moldova,MDA,2007,48.8869
Moldova,MDA,2008,64.1199
Moldova,MDA,2009,57.644
Moldova,MDA,2010,70.2257
Moldova,MDA,2011,90.442
Moldova,MDA,2012,102.919
Moldova,MDA,2013,108.452
Moldova,MDA,2014,111.829
Moldova,MDA,2015,112.959
Moldova,MDA,2016,117.008
Moldova,MDA,2017,117.321
Moldova,MDA,2018,115.32
Moldova,MDA,2019,116.105
Moldova,MDA,2020,111.445
Moldova,MDA,2021,128.984
Moldova,MDA,2022,137.183
Moldova,MDA,2023,130.772
Monaco,MCO,1980,0
Monaco,MCO,1981,0
Monaco,MCO,1982,0
Monaco,MCO,1983,0
Monaco,MCO,1984,0
Monaco,MCO,1985,0
Monaco,MCO,1986,0
Monaco,MCO,1987,0
Monaco,MCO,1988,0
Monaco,MCO,1989,0
Monaco,MCO,1990,0
Monaco,MCO,1991,0
Monaco,MCO,1992,0
Monaco,MCO,1993,3.7068076
Monaco,MCO,1994,8.188014
Monaco,MCO,1995,9.545136
Monaco,MCO,1996,17.024496
Monaco,MCO,1997,22.522522
Monaco,MCO,1998,35.623585
Monaco,MCO,1999,40.37785
Monaco,MCO,2000,42.9117
Monaco,MCO,2001,44.078
Monaco,MCO,2002,45.8763
Monaco,MCO,2003,46.5837
Monaco,MCO,2004,48.751
Monaco,MCO,2005,53.3716
Monaco,MCO,2006,57.1077
Monaco,MCO,2007,64.0764
Monaco,MCO,2008,69.1042
Monaco,MCO,2009,71.0666
Monaco,MCO,2010,70.6028
Monaco,MCO,2011,93.6458
Monaco,MCO,2012,95.6325
Monaco,MCO,2013,100.048
Monaco,MCO,2014,93.2103
Monaco,MCO,2015,92.5538
Monaco,MCO,2016,89.3256
Monaco,MCO,2017,87.5259
Monaco,MCO,2018,85.6765
Monaco,MCO,2019,88.6484
Monaco,MCO,2020,93.2589
Monaco,MCO,2021,97.1423
Monaco,MCO,2022,100.062
Monaco,MCO,2023,104.061
Mongolia,MNG,1980,0
Mongolia,MNG,1981,0
Mongolia,MNG,1982,0
Mongolia,MNG,1983,0
Mongolia,MNG,1984,0
Mongolia,MNG,1985,0
Mongolia,MNG,1986,0
Mongolia,MNG,1987,0
Mongolia,MNG,1988,0
Mongolia,MNG,1989,0
Mongolia,MNG,1990,0
Mongolia,MNG,1991,0
Mongolia,MNG,1992,0
Mongolia,MNG,1993,0
Mongolia,MNG,1994,0
Mongolia,MNG,1995,0
Mongolia,MNG,1996,0.0381836
Mongolia,MNG,1997,0.08397113
Mongolia,MNG,1998,0.37552783
Mongolia,MNG,1999,1.4231901
Mongolia,MNG,2000,6.29689
Mongolia,MNG,2001,7.8702
Mongolia,MNG,2002,8.63974
Mongolia,MNG,2003,12.6497
Mongolia,MNG,2004,16.8592
Mongolia,MNG,2005,21.7365
Mongolia,MNG,2006,29.9796
Mongolia,MNG,2007,45.8052
Mongolia,MNG,2008,66.9284
Mongolia,MNG,2009,84.3808
Mongolia,MNG,2010,92.9208
Mongolia,MNG,2011,107.181
Mongolia,MNG,2012,120.739
Mongolia,MNG,2013,100.901
Mongolia,MNG,2014,103.92
Mongolia,MNG,2015,103.078
Mongolia,MNG,2016,110.746
Mongolia,MNG,2017,125.184
Mongolia,MNG,2018,133.284
Mongolia,MNG,2019,136.719
Mongolia,MNG,2020,132.61
Mongolia,MNG,2021,140.352
Mongolia,MNG,2022,142.809
Mongolia,MNG,2023,141.085
Montenegro,MNE,2004,76.3334
Montenegro,MNE,2005,85.6746
Montenegro,MNE,2006,101.548
Montenegro,MNE,2007,142.095
Montenegro,MNE,2008,182.988
Montenegro,MNE,2009,204.631
Montenegro,MNE,2010,185.101
Montenegro,MNE,2011,183.204
Montenegro,MNE,2012,156.402
Montenegro,MNE,2013,156.964
Montenegro,MNE,2014,160.49
Montenegro,MNE,2015,160.455
Montenegro,MNE,2016,166.72
Montenegro,MNE,2017,168.465
Montenegro,MNE,2018,184.219
Montenegro,MNE,2019,188.174
Montenegro,MNE,2020,177.665
Montenegro,MNE,2021,185.488
Montenegro,MNE,2022,207.278
Montenegro,MNE,2023,207.238
Morocco,MAR,1980,0
Morocco,MAR,1981,0
Morocco,MAR,1982,0
Morocco,MAR,1983,0
Morocco,MAR,1984,0
Morocco,MAR,1985,0
Morocco,MAR,1986,0
Morocco,MAR,1987,0.000255894
Morocco,MAR,1988,0.000439265
Morocco,MAR,1989,0.00287408
Morocco,MAR,1990,0.003644065
Morocco,MAR,1991,0.005938147
Morocco,MAR,1992,0.012511957
Morocco,MAR,1993,0.025711901
Morocco,MAR,1994,0.051887423
Morocco,MAR,1995,0.109323286
Morocco,MAR,1996,0.15681721
Morocco,MAR,1997,0.26832336
Morocco,MAR,1998,0.41495255
Morocco,MAR,1999,1.2973727
Morocco,MAR,2000,8.23968
Morocco,MAR,2001,16.5601
Morocco,MAR,2002,21.2297
Morocco,MAR,2003,24.8885
Morocco,MAR,2004,31.1717
Morocco,MAR,2005,40.822
Morocco,MAR,2006,52.0121
Morocco,MAR,2007,64.2243
Morocco,MAR,2008,72.1861
Morocco,MAR,2009,79.0201
Morocco,MAR,2010,98.507
Morocco,MAR,2011,111.064
Morocco,MAR,2012,116.972
Morocco,MAR,2013,125.56
Morocco,MAR,2014,128.972
Morocco,MAR,2015,124.48
Morocco,MAR,2016,118.532
Morocco,MAR,2017,123.894
Morocco,MAR,2018,124.828
Morocco,MAR,2019,128.875
Morocco,MAR,2020,135.088
Morocco,MAR,2021,138.911
Morocco,MAR,2022,141.87
Morocco,MAR,2023,148.155
Mozambique,MOZ,1980,0
Mozambique,MOZ,1981,0
Mozambique,MOZ,1982,0
Mozambique,MOZ,1983,0
Mozambique,MOZ,1984,0
Mozambique,MOZ,1985,0
Mozambique,MOZ,1986,0
Mozambique,MOZ,1987,0
Mozambique,MOZ,1988,0
Mozambique,MOZ,1989,0
Mozambique,MOZ,1990,0
Mozambique,MOZ,1991,0
Mozambique,MOZ,1992,0
Mozambique,MOZ,1993,0
Mozambique,MOZ,1994,0
Mozambique,MOZ,1995,0
Mozambique,MOZ,1996,0
Mozambique,MOZ,1997,0.015131593
Mozambique,MOZ,1998,0.03973836
Mozambique,MOZ,1999,0.070614114
Mozambique,MOZ,2000,0.281666
Mozambique,MOZ,2001,0.823467
Mozambique,MOZ,2002,1.34378
Mozambique,MOZ,2003,2.24704
Mozambique,MOZ,2004,3.56849
Mozambique,MOZ,2005,7.40692
Mozambique,MOZ,2006,11.2537
Mozambique,MOZ,2007,14.4675
Mozambique,MOZ,2008,20.1888
Mozambique,MOZ,2009,26.6651
Mozambique,MOZ,2010,31.4105
Mozambique,MOZ,2011,33.2163
Mozambique,MOZ,2012,36.1782
Mozambique,MOZ,2013,49.503
Mozambique,MOZ,2014,71.6701
Mozambique,MOZ,2015,75.8447
Mozambique,MOZ,2016,54.9641
Mozambique,MOZ,2017,42.162
Mozambique,MOZ,2018,48.5007
Mozambique,MOZ,2019,49.4351
Mozambique,MOZ,2020,50.2319
Mozambique,MOZ,2021,43.1636
Mozambique,MOZ,2022,45.8178
Myanmar,MMR,1980,0
Myanmar,MMR,1981,0
Myanmar,MMR,1982,0
Myanmar,MMR,1983,0
Myanmar,MMR,1984,0
Myanmar,MMR,1985,0
Myanmar,MMR,1986,0
Myanmar,MMR,1987,0
Myanmar,MMR,1988,0
Myanmar,MMR,1989,0
Myanmar,MMR,1990,0
Myanmar,MMR,1991,0
Myanmar,MMR,1992,0
Myanmar,MMR,1993,0.001538708
Myanmar,MMR,1994,0.004535028
Myanmar,MMR,1995,0.006450532
Myanmar,MMR,1996,0.016719108
Myanmar,MMR,1997,0.019312268
Myanmar,MMR,1998,0.019130122
Myanmar,MMR,1999,0.025285494
Myanmar,MMR,2000,0.0295799
Myanmar,MMR,2001,0.0495312
Myanmar,MMR,2002,0.103784
Myanmar,MMR,2003,0.142535
Myanmar,MMR,2004,0.196419
Myanmar,MMR,2005,0.271299
Myanmar,MMR,2006,0.448286
Myanmar,MMR,2007,0.514578
Myanmar,MMR,2008,0.759211
Myanmar,MMR,2009,1.03165
Myanmar,MMR,2010,1.21164
Myanmar,MMR,2011,2.51644
Myanmar,MMR,2012,7.48356
Myanmar,MMR,2013,13.5934
Myanmar,MMR,2014,57.2778
Myanmar,MMR,2015,80.2397
Myanmar,MMR,2016,98.2343
Myanmar,MMR,2017,92.3918
Myanmar,MMR,2018,116.972
Myanmar,MMR,2019,155.669
Myanmar,MMR,2020,148.158
Myanmar,MMR,2021,127.241
Myanmar,MMR,2022,107.535
Myanmar,MMR,2023,121.028
Namibia,NAM,1980,0
Namibia,NAM,1981,0
Namibia,NAM,1982,0
Namibia,NAM,1983,0
Namibia,NAM,1984,0
Namibia,NAM,1985,0
Namibia,NAM,1986,0
Namibia,NAM,1987,0
Namibia,NAM,1988,0
Namibia,NAM,1989,0
Namibia,NAM,1990,0
Namibia,NAM,1991,0
Namibia,NAM,1992,0
Namibia,NAM,1993,0
Namibia,NAM,1994,0
Namibia,NAM,1995,0.21801828
Namibia,NAM,1996,0.40265056
Namibia,NAM,1997,0.7382288
Namibia,NAM,1998,1.1233023
Namibia,NAM,1999,1.6870263
Namibia,NAM,2000,4.50885
Namibia,NAM,2001,5.74029
Namibia,NAM,2002,7.93663
Namibia,NAM,2003,11.6649
Namibia,NAM,2004,14.7314
Namibia,NAM,2005,22.8242
Namibia,NAM,2006,30.5663
Namibia,NAM,2007,39.6448
Namibia,NAM,2008,51.3909
Namibia,NAM,2009,78.5396
Namibia,NAM,2010,92.4288
Namibia,NAM,2011,102.244
Namibia,NAM,2012,97.821
Namibia,NAM,2013,121.106
Namibia,NAM,2014,115.52
Namibia,NAM,2015,107.392
Namibia,NAM,2016,109.05
Namibia,NAM,2017,106.915
Namibia,NAM,2018,107.06
Namibia,NAM,2019,106.533
Namibia,NAM,2020,106.207
Namibia,NAM,2021,103.727
Namibia,NAM,2022,100.558
Namibia,NAM,2023,87.6761
Nauru,NRU,1980,0
Nauru,NRU,1981,0
Nauru,NRU,1982,0
Nauru,NRU,1983,0
Nauru,NRU,1984,0
Nauru,NRU,1985,0
Nauru,NRU,1986,0
Nauru,NRU,1987,0
Nauru,NRU,1988,0
Nauru,NRU,1989,0
Nauru,NRU,1990,0
Nauru,NRU,1991,0
Nauru,NRU,1992,0
Nauru,NRU,1993,1.4668492
Nauru,NRU,1994,4.379988
Nauru,NRU,1995,4.84684
Nauru,NRU,1996,5.7999034
Nauru,NRU,1997,7.2372866
Nauru,NRU,1998,8.191981
Nauru,NRU,1999,9.631127
Nauru,NRU,2000,11.8017
Nauru,NRU,2001,14.8075
Nauru,NRU,2010,61.7345
Nauru,NRU,2011,66.3498
Nauru,NRU,2012,66.2316
Nauru,NRU,2015,85.8134
Nauru,NRU,2016,88.7892
Nauru,NRU,2017,88.308
Nauru,NRU,2019,86.3036
Nauru,NRU,2020,85.8885
Nauru,NRU,2021,85.4044
Nauru,NRU,2022,87.1706
Nepal,NPL,1980,0
Nepal,NPL,1981,0
Nepal,NPL,1982,0
Nepal,NPL,1983,0
Nepal,NPL,1984,0
Nepal,NPL,1985,0
Nepal,NPL,1986,0
Nepal,NPL,1987,0
Nepal,NPL,1988,0
Nepal,NPL,1989,0
Nepal,NPL,1990,0
Nepal,NPL,1991,0
Nepal,NPL,1992,0
Nepal,NPL,1993,0
Nepal,NPL,1994,0
Nepal,NPL,1995,0
Nepal,NPL,1996,0
Nepal,NPL,1997,0
Nepal,NPL,1998,0
Nepal,NPL,1999,0.022780782
Nepal,NPL,2000,0.0416597
Nepal,NPL,2001,0.0692916
Nepal,NPL,2002,0.0863872
Nepal,NPL,2003,0.318688
Nepal,NPL,2004,0.448859
Nepal,NPL,2005,0.864009
Nepal,NPL,2006,4.35567
Nepal,NPL,2007,12.2026
Nepal,NPL,2008,15.5613
Nepal,NPL,2009,20.6009
Nepal,NPL,2010,33.6317
Nepal,NPL,2011,48.6245
Nepal,NPL,2012,60.3184
Nepal,NPL,2013,77.4277
Nepal,NPL,2014,83.1925
Nepal,NPL,2015,98.8946
Nepal,NPL,2016,114.898
Nepal,NPL,2017,128.864
Nepal,NPL,2018,139.526
Nepal,NPL,2019,136.186
Nepal,NPL,2020,131.921
Nepal,NPL,2021,129.645
Nepal,NPL,2022,133.273
Netherlands,NLD,1980,0
Netherlands,NLD,1981,0
Netherlands,NLD,1982,0
Netherlands,NLD,1983,0
Netherlands,NLD,1985,0.033067636
Netherlands,NLD,1986,0.10484816
Netherlands,NLD,1987,0.16490293
Netherlands,NLD,1988,0.22354212
Netherlands,NLD,1989,0.37709865
Netherlands,NLD,1990,0.5286209
Netherlands,NLD,1991,0.7642931
Netherlands,NLD,1992,1.0956601
Netherlands,NLD,1993,1.4162925
Netherlands,NLD,1994,2.0912764
Netherlands,NLD,1995,3.4894257
Netherlands,NLD,1996,6.538549
Netherlands,NLD,1997,10.985352
Netherlands,NLD,1998,21.313276
Netherlands,NLD,1999,42.65907
Netherlands,NLD,2000,66.9728
Netherlands,NLD,2001,75.3891
Netherlands,NLD,2002,74.2876
Netherlands,NLD,2003,80.6505
Netherlands,NLD,2004,90.1034
Netherlands,NLD,2005,96.1635
Netherlands,NLD,2006,104.863
Netherlands,NLD,2007,116.657
Netherlands,NLD,2008,124.28
Netherlands,NLD,2009,120.767
Netherlands,NLD,2010,114.357
Netherlands,NLD,2011,117.674
Netherlands,NLD,2012,116.564
Netherlands,NLD,2013,114.734
Netherlands,NLD,2014,114.867
Netherlands,NLD,2015,121.638
Netherlands,NLD,2016,121.42
Netherlands,NLD,2017,118.577
Netherlands,NLD,2018,121.162
Netherlands,NLD,2019,124.088
Netherlands,NLD,2020,121.423
Netherlands,NLD,2021,123.448
Netherlands,NLD,2022,115.821
Netherlands,NLD,2023,117.352
New Caledonia,NCL,1980,0
New Caledonia,NCL,1981,0
New Caledonia,NCL,1982,0
New Caledonia,NCL,1983,0
New Caledonia,NCL,1984,0
New Caledonia,NCL,1985,0
New Caledonia,NCL,1986,0
New Caledonia,NCL,1987,0
New Caledonia,NCL,1988,0
New Caledonia,NCL,1989,0
New Caledonia,NCL,1990,0
New Caledonia,NCL,1991,0
New Caledonia,NCL,1992,0
New Caledonia,NCL,1993,0
New Caledonia,NCL,1994,0
New Caledonia,NCL,1995,0.41311762
New Caledonia,NCL,1996,1.0093784
New Caledonia,NCL,1997,2.4939904
New Caledonia,NCL,1998,6.129087
New Caledonia,NCL,1999,11.721737
New Caledonia,NCL,2000,22.3884
New Caledonia,NCL,2001,29.8265
New Caledonia,NCL,2002,34.4477
New Caledonia,NCL,2003,41.0317
New Caledonia,NCL,2004,48.3463
New Caledonia,NCL,2005,54.9409
New Caledonia,NCL,2006,62.6144
New Caledonia,NCL,2007,70.336
New Caledonia,NCL,2008,77.4053
New Caledonia,NCL,2009,81.4752
New Caledonia,NCL,2010,84.4137
New Caledonia,NCL,2011,85.2808
New Caledonia,NCL,2012,85.0412
New Caledonia,NCL,2013,86.8789
New Caledonia,NCL,2014,86.4435
New Caledonia,NCL,2015,91.9161
New Caledonia,NCL,2019,91.6765
New Caledonia,NCL,2020,91.4926
New Caledonia,NCL,2021,91.1596
New Caledonia,NCL,2022,91.6764
New Zealand,NZL,1980,0
New Zealand,NZL,1981,0
New Zealand,NZL,1982,0
New Zealand,NZL,1983,0
New Zealand,NZL,1984,0
New Zealand,NZL,1985,0
New Zealand,NZL,1986,0
New Zealand,NZL,1987,0.07273939
New Zealand,NZL,1988,0.30156797
New Zealand,NZL,1989,0.8668903
New Zealand,NZL,1990,1.5923998
New Zealand,NZL,1991,2.076632
New Zealand,NZL,1992,2.8364682
New Zealand,NZL,1993,4.0237937
New Zealand,NZL,1994,6.6061106
New Zealand,NZL,1995,9.934965
New Zealand,NZL,1996,13.21726
New Zealand,NZL,1997,14.995291
New Zealand,NZL,1998,20.734669
New Zealand,NZL,1999,36.38978
New Zealand,NZL,2000,39.9733
New Zealand,NZL,2001,58.7909
New Zealand,NZL,2002,61.9824
New Zealand,NZL,2003,64.6102
New Zealand,NZL,2004,74.1201
New Zealand,NZL,2005,85.3687
New Zealand,NZL,2006,90.9217
New Zealand,NZL,2007,100.662
New Zealand,NZL,2008,108.404
New Zealand,NZL,2009,109.193
New Zealand,NZL,2010,108.331
New Zealand,NZL,2011,109.978
New Zealand,NZL,2012,111.568
New Zealand,NZL,2013,107.009
New Zealand,NZL,2014,112.757
New Zealand,NZL,2015,121.369
New Zealand,NZL,2016,129.381
New Zealand,NZL,2017,132.98
New Zealand,NZL,2018,128.937
New Zealand,NZL,2019,120.475
New Zealand,NZL,2020,123.001
New Zealand,NZL,2021,114.455
New Zealand,NZL,2022,115.984
New Zealand,NZL,2023,126.855
Nicaragua,NIC,1980,0
Nicaragua,NIC,1981,0
Nicaragua,NIC,1982,0
Nicaragua,NIC,1983,0
Nicaragua,NIC,1984,0
Nicaragua,NIC,1985,0
Nicaragua,NIC,1986,0
Nicaragua,NIC,1987,0
Nicaragua,NIC,1988,0
Nicaragua,NIC,1989,0
Nicaragua,NIC,1990,0
Nicaragua,NIC,1991,0
Nicaragua,NIC,1992,0
Nicaragua,NIC,1993,0.007157551
Nicaragua,NIC,1994,0.047197346
Nicaragua,NIC,1995,0.09318226
Nicaragua,NIC,1996,0.1059764
Nicaragua,NIC,1997,0.15441297
Nicaragua,NIC,1998,0.36807334
Nicaragua,NIC,1999,0.8758429
Nicaragua,NIC,2000,1.79774
Nicaragua,NIC,2001,3.23339
Nicaragua,NIC,2002,4.60684
Nicaragua,NIC,2003,8.95623
Nicaragua,NIC,2004,14.0079
Nicaragua,NIC,2005,20.9539
Nicaragua,NIC,2006,33.775
Nicaragua,NIC,2007,45.5188
Nicaragua,NIC,2008,55.733
Nicaragua,NIC,2009,59.1267
Nicaragua,NIC,2010,69.0594
Nicaragua,NIC,2011,82.8921
Nicaragua,NIC,2012,99.1601
Nicaragua,NIC,2013,113.789
Nicaragua,NIC,2014,116.507
Nicaragua,NIC,2015,118.127
Nicaragua,NIC,2016,124.273
Nicaragua,NIC,2017,129.506
Nicaragua,NIC,2018,116.272
Nicaragua,NIC,2019,89.2773
Nicaragua,NIC,2020,90.8141
Nicaragua,NIC,2021,93.8165
Nicaragua,NIC,2022,104.278
Nicaragua,NIC,2023,105.843
Niger,NER,1980,0
Niger,NER,1981,0
Niger,NER,1982,0
Niger,NER,1983,0
Niger,NER,1984,0
Niger,NER,1985,0
Niger,NER,1986,0
Niger,NER,1987,0
Niger,NER,1988,0
Niger,NER,1989,0
Niger,NER,1990,0
Niger,NER,1991,0
Niger,NER,1992,0
Niger,NER,1993,0
Niger,NER,1994,0
Niger,NER,1995,0
Niger,NER,1996,0
Niger,NER,1997,0.000933849
Niger,NER,1998,0.012427544
Niger,NER,1999,0.01951659
Niger,NER,2000,0.0178633
Niger,NER,2001,0.0178346
Niger,NER,2002,0.465951
Niger,NER,2003,0.643628
Niger,NER,2004,1.29974
Niger,NER,2005,2.35423
Niger,NER,2006,3.38506
Niger,NER,2007,6.0796
Niger,NER,2008,12.3528
Niger,NER,2009,16.3011
Niger,NER,2010,22.1685
Niger,NER,2011,27.613
Niger,NER,2012,30.2495
Niger,NER,2013,37.8312
Niger,NER,2014,42.8624
Niger,NER,2015,44.9309
Niger,NER,2016,36.1205
Niger,NER,2017,40.955
Niger,NER,2019,52.8113
Niger,NER,2020,60.0356
Niger,NER,2021,61.5063
Niger,NER,2022,63.3771
Niger,NER,2023,65.735
Nigeria,NGA,1980,0
Nigeria,NGA,1981,0
Nigeria,NGA,1982,0
Nigeria,NGA,1983,0
Nigeria,NGA,1984,0
Nigeria,NGA,1985,0
Nigeria,NGA,1986,0
Nigeria,NGA,1987,0
Nigeria,NGA,1988,0
Nigeria,NGA,1989,0
Nigeria,NGA,1990,0
Nigeria,NGA,1991,0
Nigeria,NGA,1992,0
Nigeria,NGA,1993,0.008804631
Nigeria,NGA,1994,0.01213775
Nigeria,NGA,1995,0.012016163
Nigeria,NGA,1996,0.012617593
Nigeria,NGA,1997,0.013182041
Nigeria,NGA,1998,0.017139353
Nigeria,NGA,1999,0.02088632
Nigeria,NGA,2000,0.0237375
Nigeria,NGA,2001,0.205187
Nigeria,NGA,2002,1.17557
Nigeria,NGA,2003,2.29549
Nigeria,NGA,2004,6.48476
Nigeria,NGA,2005,12.8171
Nigeria,NGA,2006,21.6815
Nigeria,NGA,2007,26.3563
Nigeria,NGA,2008,39.9686
Nigeria,NGA,2009,45.9849
Nigeria,NGA,2010,52.3861
Nigeria,NGA,2011,55.5301
Nigeria,NGA,2012,64.0053
Nigeria,NGA,2013,70.2825
Nigeria,NGA,2014,74.7513
Nigeria,NGA,2015,79.1045
Nigeria,NGA,2016,78.9701
Nigeria,NGA,2017,72.368
Nigeria,NGA,2018,84.284
Nigeria,NGA,2019,88.1169
Nigeria,NGA,2020,95.4357
Nigeria,NGA,2021,89.2916
Nigeria,NGA,2022,99.5852
Nigeria,NGA,2023,98.4773
North America (WB),WB_NA,1980,0
North America (WB),WB_NA,1984,0.035445686
North America (WB),WB_NA,1985,0.13492388
North America (WB),WB_NA,1986,0.28133017
North America (WB),WB_NA,1987,0.49916208
North America (WB),WB_NA,1988,0.8443143
North America (WB),WB_NA,1989,1.4158999
North America (WB),WB_NA,1990,2.1276166
North America (WB),WB_NA,1991,2.980476
North America (WB),WB_NA,1992,4.253207
North America (WB),WB_NA,1993,6.033197
North America (WB),WB_NA,1994,8.926909
North America (WB),WB_NA,1995,12.332407
North America (WB),WB_NA,1996,15.921867
North America (WB),WB_NA,1997,19.685745
North America (WB),WB_NA,1998,24.365374
North America (WB),WB_NA,1999,30.025236
North America (WB),WB_NA,2000,37.752064
North America (WB),WB_NA,2001,43.964275
North America (WB),WB_NA,2002,48.071716
North America (WB),WB_NA,2003,53.894814
North America (WB),WB_NA,2004,61.329956
North America (WB),WB_NA,2005,67.078354
North America (WB),WB_NA,2006,74.74369
North America (WB),WB_NA,2007,80.33104
North America (WB),WB_NA,2008,83.625656
North America (WB),WB_NA,2009,87.14397
North America (WB),WB_NA,2010,90.09932
North America (WB),WB_NA,2011,93.12001
North America (WB),WB_NA,2012,94.662094
North America (WB),WB_NA,2013,95.66997
North America (WB),WB_NA,2014,98.3059
North America (WB),WB_NA,2015,99.9
North America (WB),WB_NA,2016,100.9
North America (WB),WB_NA,2017,100.8
North America (WB),WB_NA,2018,102.4
North America (WB),WB_NA,2019,103.9
North America (WB),WB_NA,2020,101.9
North America (WB),WB_NA,2021,104.4
North America (WB),WB_NA,2022,107
North America (WB),WB_NA,2023,110.5
North America (WB),WB_NA,2024,111.2
North America (WB),WB_NA,2025,112
North Korea,PRK,1980,0
North Korea,PRK,1981,0
North Korea,PRK,1982,0
North Korea,PRK,1983,0
North Korea,PRK,1984,0
North Korea,PRK,1985,0
North Korea,PRK,1986,0
North Korea,PRK,1987,0
North Korea,PRK,1988,0
North Korea,PRK,1989,0
North Korea,PRK,1990,0
North Korea,PRK,1991,0
North Korea,PRK,1992,0
North Korea,PRK,1993,0
North Korea,PRK,1994,0
North Korea,PRK,1995,0
North Korea,PRK,1996,0
North Korea,PRK,1997,0
North Korea,PRK,1998,0
North Korea,PRK,1999,0
North Korea,PRK,2000,0
North Korea,PRK,2001,0
North Korea,PRK,2002,0
North Korea,PRK,2003,0
North Korea,PRK,2004,0
North Korea,PRK,2005,0
North Korea,PRK,2006,0
North Korea,PRK,2007,0
North Korea,PRK,2008,0
North Korea,PRK,2009,0.278399
North Korea,PRK,2010,1.72856
North Korea,PRK,2011,3.9844
North Korea,PRK,2012,6.74289
North Korea,PRK,2013,9.5541
North Korea,PRK,2014,11.0014
North Korea,PRK,2015,12.6684
North Korea,PRK,2016,14.032
North Korea,PRK,2017,14.7573
North Korea,PRK,2019,16.3341
North Korea,PRK,2020,22.9566
North Korea,PRK,2021,22.8724
North Korea,PRK,2022,24.1311
North Macedonia,MKD,1980,0
North Macedonia,MKD,1981,0
North Macedonia,MKD,1982,0
North Macedonia,MKD,1983,0
North Macedonia,MKD,1984,0
North Macedonia,MKD,1985,0
North Macedonia,MKD,1986,0
North Macedonia,MKD,1987,0
North Macedonia,MKD,1988,0
North Macedonia,MKD,1989,0
North Macedonia,MKD,1990,0
North Macedonia,MKD,1991,0
North Macedonia,MKD,1992,0
North Macedonia,MKD,1993,0
North Macedonia,MKD,1994,0
North Macedonia,MKD,1995,0
North Macedonia,MKD,1996,0.053053163
North Macedonia,MKD,1997,0.6167942
North Macedonia,MKD,1998,1.4947507
North Macedonia,MKD,1999,2.408021
North Macedonia,MKD,2000,5.62634
North Macedonia,MKD,2001,10.8055
North Macedonia,MKD,2002,17.6114
North Macedonia,MKD,2003,37.2824
North Macedonia,MKD,2004,47.2352
North Macedonia,MKD,2005,54.1201
North Macedonia,MKD,2006,60.4931
North Macedonia,MKD,2007,86.1891
North Macedonia,MKD,2008,95.0115
North Macedonia,MKD,2009,94.3035
North Macedonia,MKD,2010,104.968
North Macedonia,MKD,2011,108.468
North Macedonia,MKD,2012,110.268
North Macedonia,MKD,2013,111.125
North Macedonia,MKD,2014,111.343
North Macedonia,MKD,2015,105.212
North Macedonia,MKD,2016,104.55
North Macedonia,MKD,2017,103.459
North Macedonia,MKD,2018,102.572
North Macedonia,MKD,2019,101.232
North Macedonia,MKD,2020,99.4724
North Macedonia,MKD,2021,104.875
North Macedonia,MKD,2022,111.303
North Macedonia,MKD,2023,104.837
Northern Mariana Islands,MNP,1980,0
Northern Mariana Islands,MNP,1981,0
Northern Mariana Islands,MNP,1982,0
Northern Mariana Islands,MNP,1983,0
Northern Mariana Islands,MNP,1984,0
Northern Mariana Islands,MNP,1985,0
Northern Mariana Islands,MNP,1986,0
Northern Mariana Islands,MNP,1987,0
Northern Mariana Islands,MNP,1988,0
Northern Mariana Islands,MNP,1989,0
Northern Mariana Islands,MNP,1990,0
Northern Mariana Islands,MNP,1993,1.5266539
Northern Mariana Islands,MNP,1994,1.6010883
Northern Mariana Islands,MNP,1995,2.4632058
Northern Mariana Islands,MNP,1999,3.8104858
Northern Mariana Islands,MNP,2000,4.38879
Northern Mariana Islands,MNP,2001,19.4163
Northern Mariana Islands,MNP,2002,25.6626
Northern Mariana Islands,MNP,2003,28.4603
Northern Mariana Islands,MNP,2004,32.0216
Norway,NOR,1980,0
Norway,NOR,1981,0.040733147
Norway,NOR,1982,0.268753
Norway,NOR,1983,0.5685501
Norway,NOR,1984,0.94318295
Norway,NOR,1985,1.518914
Norway,NOR,1986,2.0890663
Norway,NOR,1987,2.8666818
Norway,NOR,1988,3.6153336
Norway,NOR,1989,3.966124
Norway,NOR,1990,4.6403794
Norway,NOR,1991,5.500452
Norway,NOR,1992,6.600122
Norway,NOR,1993,8.61297
Norway,NOR,1994,13.569593
Norway,NOR,1995,22.510439
Norway,NOR,1996,28.790188
Norway,NOR,1997,38.062107
Norway,NOR,1998,46.754322
Norway,NOR,1999,59.702267
Norway,NOR,2000,71.7901
Norway,NOR,2001,79.6029
Norway,NOR,2002,83.5167
Norway,NOR,2003,88.9622
Norway,NOR,2004,98.541
Norway,NOR,2005,102.841
Norway,NOR,2006,104.472
Norway,NOR,2007,106.979
Norway,NOR,2008,109.293
Norway,NOR,2009,110.892
Norway,NOR,2010,114.524
Norway,NOR,2011,115.596
Norway,NOR,2012,115.524
Norway,NOR,2013,112.046
Norway,NOR,2014,111.69
Norway,NOR,2015,110.118
Norway,NOR,2016,109.427
Norway,NOR,2017,108.393
Norway,NOR,2018,107.703
Norway,NOR,2019,108.005
Norway,NOR,2020,108.297
Norway,NOR,2021,109.586
Norway,NOR,2022,111.657
Oman,OMN,1980,0
Oman,OMN,1981,0
Oman,OMN,1982,0
Oman,OMN,1983,0
Oman,OMN,1984,0
Oman,OMN,1985,0.003470327
Oman,OMN,1986,0.04784827
Oman,OMN,1987,0.07154926
Oman,OMN,1988,0.101959944
Oman,OMN,1989,0.12049466
Oman,OMN,1990,0.15064886
Oman,OMN,1991,0.19389914
Oman,OMN,1992,0.23804061
Oman,OMN,1993,0.27102888
Oman,OMN,1994,0.31423107
Oman,OMN,1995,0.36528984
Oman,OMN,1996,0.67064464
Oman,OMN,1997,2.3558047
Oman,OMN,1998,4.35195
Oman,OMN,1999,5.366082
Oman,OMN,2000,7.14294
Oman,OMN,2001,14.0743
Oman,OMN,2002,19.8299
Oman,OMN,2003,24.8935
Oman,OMN,2004,32.9697
Oman,OMN,2005,53.0901
Oman,OMN,2006,70.4453
Oman,OMN,2007,94.0855
Oman,OMN,2008,117.026
Oman,OMN,2009,138.05
Oman,OMN,2010,151.446
Oman,OMN,2011,147.926
Oman,OMN,2012,150.873
Oman,OMN,2013,149.209
Oman,OMN,2014,153.806
Oman,OMN,2015,155.756
Oman,OMN,2016,153.291
Oman,OMN,2017,148.822
Oman,OMN,2018,139.967
Oman,OMN,2019,138.232
Oman,OMN,2020,140.379
Oman,OMN,2021,135.077
Oman,OMN,2022,136.801
Oman,OMN,2023,135.218
Pakistan,PAK,1980,0
Pakistan,PAK,1981,0
Pakistan,PAK,1982,0
Pakistan,PAK,1983,0
Pakistan,PAK,1984,0
Pakistan,PAK,1985,0
Pakistan,PAK,1986,0
Pakistan,PAK,1987,0
Pakistan,PAK,1988,0
Pakistan,PAK,1989,0
Pakistan,PAK,1990,0.001732891
Pakistan,PAK,1991,0.007130659
Pakistan,PAK,1992,0.011031649
Pakistan,PAK,1993,0.01274427
Pakistan,PAK,1994,0.019081568
Pakistan,PAK,1995,0.030772818
Pakistan,PAK,1996,0.0495778
Pakistan,PAK,1997,0.09554005
Pakistan,PAK,1998,0.13479602
Pakistan,PAK,1999,0.17743742
Pakistan,PAK,2000,0.197892
Pakistan,PAK,2001,0.466253
Pakistan,PAK,2002,1.04063
Pakistan,PAK,2003,1.43881
Pakistan,PAK,2004,2.93247
Pakistan,PAK,2005,7.27898
Pakistan,PAK,2006,19.2042
Pakistan,PAK,2007,34.0699
Pakistan,PAK,2008,46.4486
Pakistan,PAK,2009,48.5357
Pakistan,PAK,2010,49.7823
Pakistan,PAK,2011,53.4462
Pakistan,PAK,2012,57.8576
Pakistan,PAK,2013,60.5178
Pakistan,PAK,2014,63.3618
Pakistan,PAK,2015,57.9406
Pakistan,PAK,2016,62.0013
Pakistan,PAK,2017,64.7302
Pakistan,PAK,2018,67.8568
Pakistan,PAK,2019,71.666
Pakistan,PAK,2020,74.7332
Pakistan,PAK,2021,78.8012
Pakistan,PAK,2022,79.1051
Pakistan,PAK,2023,76.5398
Palau,PLW,2002,12.6032
Palau,PLW,2003,19.9603
Palau,PLW,2004,19.7982
Palau,PLW,2005,30.5313
Palau,PLW,2006,42.5968
Palau,PLW,2007,55.388
Palau,PLW,2008,61.3762
Palau,PLW,2009,68.1169
Palau,PLW,2010,78.8867
Palau,PLW,2011,85.4353
Palau,PLW,2012,96.5438
Palau,PLW,2013,101.683
Palau,PLW,2014,107.897
Palau,PLW,2015,133.613
Palau,PLW,2019,134.847
Palau,PLW,2020,134.892
Palau,PLW,2021,134.96
Palau,PLW,2022,135.143
Palau,PLW,2023,135.387
Palestine,PSE,1990,0
Palestine,PSE,1992,0
Palestine,PSE,1993,0
Palestine,PSE,1994,0
Palestine,PSE,2000,0.224507
Palestine,PSE,2001,5.42645
Palestine,PSE,2002,7.57298
Palestine,PSE,2003,7.77179
Palestine,PSE,2004,12.5642
Palestine,PSE,2005,15.955
Palestine,PSE,2006,22.5454
Palestine,PSE,2007,27.3365
Palestine,PSE,2008,34.3273
Palestine,PSE,2009,45.9038
Palestine,PSE,2010,64.8154
Palestine,PSE,2011,70.093
Palestine,PSE,2012,74.3646
Palestine,PSE,2013,73.9291
Palestine,PSE,2014,72.4102
Palestine,PSE,2015,78.0924
Palestine,PSE,2016,80.1511
Palestine,PSE,2017,84.2594
Palestine,PSE,2018,90.2055
Palestine,PSE,2019,86.7372
Palestine,PSE,2020,80.1298
Palestine,PSE,2021,78.1621
Palestine,PSE,2022,76.5666
Palestine,PSE,2023,76.6919
Panama,PAN,1980,0
Panama,PAN,1981,0
Panama,PAN,1982,0
Panama,PAN,1983,0
Panama,PAN,1984,0
Panama,PAN,1985,0
Panama,PAN,1986,0
Panama,PAN,1987,0
Panama,PAN,1988,0
Panama,PAN,1989,0
Panama,PAN,1990,0
Panama,PAN,1991,0
Panama,PAN,1992,0
Panama,PAN,1993,0
Panama,PAN,1994,0
Panama,PAN,1995,0
Panama,PAN,1996,0.25256115
Panama,PAN,1997,0.83005893
Panama,PAN,1998,2.9766989
Panama,PAN,1999,7.912963
Panama,PAN,2000,13.6329
Panama,PAN,2001,15.4792
Panama,PAN,2002,16.8037
Panama,PAN,2003,21.7068
Panama,PAN,2004,38.7539
Panama,PAN,2005,52.7838
Panama,PAN,2006,64.4277
Panama,PAN,2007,87.5824
Panama,PAN,2008,111.843
Panama,PAN,2009,170.203
Panama,PAN,2010,183.169
Panama,PAN,2011,182.359
Panama,PAN,2012,165.287
Panama,PAN,2013,162.199
Panama,PAN,2014,177.439
Panama,PAN,2015,144.997
Panama,PAN,2016,127.616
Panama,PAN,2017,128.826
Panama,PAN,2018,137.298
Panama,PAN,2019,137.57
Panama,PAN,2020,142.283
Panama,PAN,2021,147.9
Panama,PAN,2022,152.062
Panama,PAN,2023,156.587
Papua New Guinea,PNG,1980,0
Papua New Guinea,PNG,1981,0
Papua New Guinea,PNG,1982,0
Papua New Guinea,PNG,1983,0
Papua New Guinea,PNG,1984,0
Papua New Guinea,PNG,1985,0
Papua New Guinea,PNG,1986,0
Papua New Guinea,PNG,1987,0
Papua New Guinea,PNG,1988,0
Papua New Guinea,PNG,1989,0
Papua New Guinea,PNG,1990,0
Papua New Guinea,PNG,1991,0
Papua New Guinea,PNG,1992,0
Papua New Guinea,PNG,1993,0
Papua New Guinea,PNG,1994,0
Papua New Guinea,PNG,1995,0
Papua New Guinea,PNG,1996,0.047744475
Papua New Guinea,PNG,1997,0.07775521
Papua New Guinea,PNG,1998,0.108156934
Papua New Guinea,PNG,1999,0.13265336
Papua New Guinea,PNG,2000,0.154595
Papua New Guinea,PNG,2001,0.186787
Papua New Guinea,PNG,2002,0.253207
Papua New Guinea,PNG,2003,0.285761
Papua New Guinea,PNG,2004,0.763443
Papua New Guinea,PNG,2005,1.14751
Papua New Guinea,PNG,2006,1.48198
Papua New Guinea,PNG,2007,4.30827
Papua New Guinea,PNG,2008,12.1676
Papua New Guinea,PNG,2009,19.1394
Papua New Guinea,PNG,2010,25.0091
Papua New Guinea,PNG,2011,30.5369
Papua New Guinea,PNG,2012,33.5215
Papua New Guinea,PNG,2013,36.1328
Papua New Guinea,PNG,2014,39.4078
Papua New Guinea,PNG,2015,40.7171
Papua New Guinea,PNG,2016,42.2017
Papua New Guinea,PNG,2017,43.7752
Papua New Guinea,PNG,2018,45.7714
Papua New Guinea,PNG,2019,47.1953
Papua New Guinea,PNG,2020,49.0844
Papua New Guinea,PNG,2021,48.1179
Papua New Guinea,PNG,2022,49.1907
Papua New Guinea,PNG,2023,34.0589
Paraguay,PRY,1980,0
Paraguay,PRY,1981,0
Paraguay,PRY,1982,0
Paraguay,PRY,1983,0
Paraguay,PRY,1984,0
Paraguay,PRY,1985,0
Paraguay,PRY,1986,0
Paraguay,PRY,1987,0
Paraguay,PRY,1988,0
Paraguay,PRY,1989,0
Paraguay,PRY,1990,0
Paraguay,PRY,1991,0
Paraguay,PRY,1992,0.035070892
Paraguay,PRY,1993,0.07728782
Paraguay,PRY,1994,0.17040016
Paraguay,PRY,1995,0.34333807
Paraguay,PRY,1996,0.69741935
Paraguay,PRY,1997,1.7483385
Paraguay,PRY,1998,4.7023935
Paraguay,PRY,1999,8.667097
Paraguay,PRY,2000,16.0916
Paraguay,PRY,2001,22.1679
Paraguay,PRY,2002,31.6844
Paraguay,PRY,2003,33.237
Paraguay,PRY,2004,32.4609
Paraguay,PRY,2005,34.6359
Paraguay,PRY,2006,58.724
Paraguay,PRY,2007,84.4403
Paraguay,PRY,2008,103.156
Paraguay,PRY,2009,99.0726
Paraguay,PRY,2010,103.187
Paraguay,PRY,2011,112.287
Paraguay,PRY,2012,115.206
Paraguay,PRY,2013,117.9
Paraguay,PRY,2014,120.354
Paraguay,PRY,2015,120.342
Paraguay,PRY,2016,119.848
Paraguay,PRY,2017,117.821
Paraguay,PRY,2018,115.75
Paraguay,PRY,2019,119.137
Paraguay,PRY,2020,119.1
Paraguay,PRY,2021,119.313
Paraguay,PRY,2022,128.088
Paraguay,PRY,2023,126.605
Peru,PER,1980,0
Peru,PER,1981,0
Peru,PER,1982,0
Peru,PER,1983,0
Peru,PER,1984,0
Peru,PER,1985,0
Peru,PER,1986,0
Peru,PER,1987,0
Peru,PER,1988,0
Peru,PER,1989,0
Peru,PER,1990,0.007462991
Peru,PER,1991,0.025240218
Peru,PER,1992,0.09350357
Peru,PER,1993,0.1543769
Peru,PER,1994,0.21765183
Peru,PER,1995,0.30080098
Peru,PER,1996,0.80687976
Peru,PER,1997,1.6629512
Peru,PER,1998,2.8764253
Peru,PER,1999,3.8599145
Peru,PER,2000,4.78924
Peru,PER,2001,6.65051
Peru,PER,2002,8.45399
Peru,PER,2003,10.6247
Peru,PER,2004,14.6938
Peru,PER,2005,19.8688
Peru,PER,2006,32.1983
Peru,PER,2007,54.0374
Peru,PER,2008,72.9545
Peru,PER,2009,85.4778
Peru,PER,2010,100.1
Peru,PER,2011,110.774
Peru,PER,2012,99.4508
Peru,PER,2013,99.9174
Peru,PER,2014,105.858
Peru,PER,2015,112.405
Peru,PER,2016,119.655
Peru,PER,2017,124.233
Peru,PER,2018,132.157
Peru,PER,2019,122.79
Peru,PER,2020,119.854
Peru,PER,2021,129.994
Peru,PER,2022,124.119
Peru,PER,2023,121.975
Philippines,PHL,1980,0
Philippines,PHL,1981,0
Philippines,PHL,1982,0
Philippines,PHL,1983,0
Philippines,PHL,1984,0
Philippines,PHL,1985,0
Philippines,PHL,1986,0
Philippines,PHL,1987,0
Philippines,PHL,1988,0
Philippines,PHL,1989,0
Philippines,PHL,1990,0
Philippines,PHL,1991,0.054886006
Philippines,PHL,1992,0.08683133
Philippines,PHL,1993,0.1549559
Philippines,PHL,1994,0.25410536
Philippines,PHL,1995,0.7131533
Philippines,PHL,1996,1.3517858
Philippines,PHL,1997,1.8476918
Philippines,PHL,1998,2.3273022
Philippines,PHL,1999,3.7377245
Philippines,PHL,2000,8.1059
Philippines,PHL,2001,14.9373
Philippines,PHL,2002,18.5184
Philippines,PHL,2003,26.5656
Philippines,PHL,2004,38.1227
Philippines,PHL,2005,39.5144
Philippines,PHL,2006,47.8934
Philippines,PHL,2007,62.9643
Philippines,PHL,2008,73.482
Philippines,PHL,2009,80.084
Philippines,PHL,2010,86.3116
Philippines,PHL,2011,95.8688
Philippines,PHL,2012,101.8
Philippines,PHL,2013,100.732
Philippines,PHL,2014,107.284
Philippines,PHL,2015,111.893
Philippines,PHL,2016,112.518
Philippines,PHL,2017,110.962
Philippines,PHL,2018,122.96
Philippines,PHL,2019,151.007
Philippines,PHL,2020,133.456
Philippines,PHL,2021,144.424
Philippines,PHL,2022,147.429
Philippines,PHL,2023,117.276
Poland,POL,1980,0
Poland,POL,1981,0
Poland,POL,1982,0
Poland,POL,1983,0
Poland,POL,1984,0
Poland,POL,1985,0
Poland,POL,1986,0
Poland,POL,1987,0
Poland,POL,1988,0
Poland,POL,1989,0
Poland,POL,1990,0
Poland,POL,1991,0
Poland,POL,1992,0.005738221
Poland,POL,1993,0.040968917
Poland,POL,1994,0.10147631
Poland,POL,1995,0.19530244
Poland,POL,1996,0.56482303
Poland,POL,1997,2.1153173
Poland,POL,1998,5.0235605
Poland,POL,1999,10.315486
Poland,POL,2000,17.6355
Poland,POL,2001,26.1578
Poland,POL,2002,36.3554
Poland,POL,2003,45.5487
Poland,POL,2004,60.5123
Poland,POL,2005,76.5033
Poland,POL,2006,96.5178
Poland,POL,2007,108.859
Poland,POL,2008,115.608
Poland,POL,2009,117.906
Poland,POL,2010,123.249
Poland,POL,2011,131.28
Poland,POL,2012,141.41
Poland,POL,2013,148.912
Poland,POL,2014,148.713
Poland,POL,2015,142.52
Poland,POL,2016,138.519
Poland,POL,2017,131.901
Poland,POL,2018,126.266
Poland,POL,2019,126.597
Poland,POL,2020,129.288
Poland,POL,2021,132.987
Poland,POL,2022,137.002
Poland,POL,2023,135.146
Portugal,PRT,1980,0
Portugal,PRT,1981,0
Portugal,PRT,1982,0
Portugal,PRT,1983,0
Portugal,PRT,1984,0
Portugal,PRT,1985,0
Portugal,PRT,1986,0
Portugal,PRT,1987,0
Portugal,PRT,1988,0
Portugal,PRT,1989,0.027763601
Portugal,PRT,1990,0.064952284
Portugal,PRT,1991,0.12617141
Portugal,PRT,1992,0.37341374
Portugal,PRT,1993,1.0138006
Portugal,PRT,1994,1.7319444
Portugal,PRT,1995,3.3910713
Portugal,PRT,1996,6.57885
Portugal,PRT,1997,14.875383
Portugal,PRT,1998,30.204418
Portugal,PRT,1999,45.64927
Portugal,PRT,2000,64.814
Portugal,PRT,2001,77.0455
Portugal,PRT,2002,83.261
Portugal,PRT,2003,95.6808
Portugal,PRT,2004,100.856
Portugal,PRT,2005,108.991
Portugal,PRT,2006,116.175
Portugal,PRT,2007,127.786
Portugal,PRT,2008,132.99
Portugal,PRT,2009,111.524
Portugal,PRT,2010,115.425
Portugal,PRT,2011,116.837
Portugal,PRT,2012,113.359
Portugal,PRT,2013,114.655
Portugal,PRT,2014,114.313
Portugal,PRT,2015,112.964
Portugal,PRT,2016,111.847
Portugal,PRT,2017,113.874
Portugal,PRT,2018,114.859
Portugal,PRT,2019,115.146
Portugal,PRT,2020,114.276
Portugal,PRT,2021,119.769
Portugal,PRT,2022,122.801
Portugal,PRT,2023,123.002
Puerto Rico,PRI,1980,0
Puerto Rico,PRI,1981,0
Puerto Rico,PRI,1982,0
Puerto Rico,PRI,1983,0
Puerto Rico,PRI,1984,0
Puerto Rico,PRI,1985,0
Puerto Rico,PRI,1987,0.113145016
Puerto Rico,PRI,1988,0.24942875
Puerto Rico,PRI,1989,0.33013302
Puerto Rico,PRI,1990,0.5747824
Puerto Rico,PRI,1991,0.9336445
Puerto Rico,PRI,1992,1.6608404
Puerto Rico,PRI,1993,2.606298
Puerto Rico,PRI,1994,4.7609344
Puerto Rico,PRI,1995,7.746402
Puerto Rico,PRI,1996,8.813733
Puerto Rico,PRI,1997,9.761889
Puerto Rico,PRI,1998,15.322682
Puerto Rico,PRI,1999,21.358936
Puerto Rico,PRI,2000,34.597
Puerto Rico,PRI,2001,42.7001
Puerto Rico,PRI,2002,43.2185
Puerto Rico,PRI,2003,44.9039
Puerto Rico,PRI,2004,48.6469
Puerto Rico,PRI,2005,52.62
Puerto Rico,PRI,2006,58.2288
Puerto Rico,PRI,2007,64.6148
Puerto Rico,PRI,2008,67.8448
Puerto Rico,PRI,2009,72.616
Puerto Rico,PRI,2010,78.9803
Puerto Rico,PRI,2011,84.3816
Puerto Rico,PRI,2012,83.6353
Puerto Rico,PRI,2013,85.5377
Puerto Rico,PRI,2014,89.9998
Puerto Rico,PRI,2015,91.0041
Puerto Rico,PRI,2016,93.5607
Puerto Rico,PRI,2017,100.52
Puerto Rico,PRI,2018,101.222
Puerto Rico,PRI,2019,102.553
Puerto Rico,PRI,2020,106.682
Puerto Rico,PRI,2021,112.54
Puerto Rico,PRI,2022,120.216
Puerto Rico,PRI,2023,124.513
Qatar,QAT,1980,0
Qatar,QAT,1981,0
Qatar,QAT,1990,0.8628516
Qatar,QAT,1991,0.8887458
Qatar,QAT,1992,0.8981674
Qatar,QAT,1993,0.88243765
Qatar,QAT,1994,2.303458
Qatar,QAT,1995,3.5852876
Qatar,QAT,1996,5.436208
Qatar,QAT,1997,7.8962426
Qatar,QAT,1998,11.317786
Qatar,QAT,1999,13.755866
Qatar,QAT,2000,18.7377
Qatar,QAT,2001,26.2461
Qatar,QAT,2002,37.5002
Qatar,QAT,2003,50.5632
Qatar,QAT,2004,63.4052
Qatar,QAT,2005,86.8374
Qatar,QAT,2006,94.546
Qatar,QAT,2007,104.601
Qatar,QAT,2008,100.179
Qatar,QAT,2009,122.869
Qatar,QAT,2010,127.92
Qatar,QAT,2011,127.128
Qatar,QAT,2012,136.395
Qatar,QAT,2013,162.86
Qatar,QAT,2014,149.02
Qatar,QAT,2015,154.098
Qatar,QAT,2016,140.518
Qatar,QAT,2017,147.358
Qatar,QAT,2018,142.911
Qatar,QAT,2019,140.017
Qatar,QAT,2020,135.498
Qatar,QAT,2021,137.71
Qatar,QAT,2022,162.249
Qatar,QAT,2023,157.821
Romania,ROU,1980,0
Romania,ROU,1981,0
Romania,ROU,1982,0
Romania,ROU,1983,0
Romania,ROU,1984,0
Romania,ROU,1985,0
Romania,ROU,1986,0
Romania,ROU,1987,0
Romania,ROU,1988,0
Romania,ROU,1989,0
Romania,ROU,1990,0
Romania,ROU,1991,0
Romania,ROU,1992,0
Romania,ROU,1993,0.00352087
Romania,ROU,1994,0.012260979
Romania,ROU,1995,0.04024296
Romania,ROU,1996,0.07583237
Romania,ROU,1997,0.9017685
Romania,ROU,1998,2.9014618
Romania,ROU,1999,6.150459
Romania,ROU,2000,11.3353
Romania,ROU,2001,17.5417
Romania,ROU,2002,23.4754
Romania,ROU,2003,32.602
Romania,ROU,2004,47.7283
Romania,ROU,2005,62.9515
Romania,ROU,2006,76.0183
Romania,ROU,2007,97.7446
Romania,ROU,2008,118.106
Romania,ROU,2009,121.981
Romania,ROU,2010,119.221
Romania,ROU,2011,115.472
Romania,ROU,2012,113.302
Romania,ROU,2013,114.191
Romania,ROU,2014,114.783
Romania,ROU,2015,116.35
Romania,ROU,2016,115.791
Romania,ROU,2017,113.767
Romania,ROU,2018,115.492
Romania,ROU,2019,116.252
Romania,ROU,2020,116.478
Romania,ROU,2021,119.123
Romania,ROU,2022,121.142
Romania,ROU,2023,123.252
Russia,RUS,1980,0
Russia,RUS,1981,0
Russia,RUS,1982,0
Russia,RUS,1983,0
Russia,RUS,1984,0
Russia,RUS,1985,0
Russia,RUS,1986,0
Russia,RUS,1987,0
Russia,RUS,1988,0
Russia,RUS,1989,0
Russia,RUS,1990,0
Russia,RUS,1991,0.000202709
Russia,RUS,1992,0.00404671
Russia,RUS,1993,0.006739744
Russia,RUS,1994,0.01870179
Russia,RUS,1995,0.059723075
Russia,RUS,1996,0.1506558
Russia,RUS,1997,0.3282224
Russia,RUS,1998,0.50702834
Russia,RUS,1999,0.932935
Russia,RUS,2000,2.22413
Russia,RUS,2001,5.3043
Russia,RUS,2002,12.0658
Russia,RUS,2003,24.785
Russia,RUS,2004,50.7798
Russia,RUS,2005,82.9888
Russia,RUS,2006,104.56
Russia,RUS,2007,119.005
Russia,RUS,2008,138.738
Russia,RUS,2009,159.902
Russia,RUS,2010,165.137
Russia,RUS,2011,141.451
Russia,RUS,2012,144.198
Russia,RUS,2013,150.964
Russia,RUS,2014,152.513
Russia,RUS,2015,156.419
Russia,RUS,2016,157.174
Russia,RUS,2017,155.486
Russia,RUS,2018,156.683
Russia,RUS,2019,163.646
Russia,RUS,2020,163.101
Russia,RUS,2021,169.073
Russia,RUS,2022,168.476
Russia,RUS,2023,180.842
Rwanda,RWA,1980,0
Rwanda,RWA,1981,0
Rwanda,RWA,1982,0
Rwanda,RWA,1983,0
Rwanda,RWA,1984,0
Rwanda,RWA,1985,0
Rwanda,RWA,1986,0
Rwanda,RWA,1987,0
Rwanda,RWA,1988,0
Rwanda,RWA,1989,0
Rwanda,RWA,1990,0
Rwanda,RWA,1991,0
Rwanda,RWA,1992,0
Rwanda,RWA,1993,0
Rwanda,RWA,1994,0
Rwanda,RWA,1995,0
Rwanda,RWA,1996,0
Rwanda,RWA,1997,0
Rwanda,RWA,1998,0.063174024
Rwanda,RWA,1999,0.13733542
Rwanda,RWA,2000,0.474803
Rwanda,RWA,2001,0.784352
Rwanda,RWA,2002,0.980824
Rwanda,RWA,2003,1.52232
Rwanda,RWA,2004,1.55692
Rwanda,RWA,2005,2.46261
Rwanda,RWA,2006,3.37878
Rwanda,RWA,2007,6.6507
Rwanda,RWA,2008,13.4904
Rwanda,RWA,2009,24.1466
Rwanda,RWA,2010,34.3954
Rwanda,RWA,2011,42.0494
Rwanda,RWA,2012,52.5467
Rwanda,RWA,2013,60.2989
Rwanda,RWA,2014,68.167
Rwanda,RWA,2015,75.2543
Rwanda,RWA,2016,74.8502
Rwanda,RWA,2017,72.2765
Rwanda,RWA,2018,77.6795
Rwanda,RWA,2019,75.5985
Rwanda,RWA,2020,81.2379
Rwanda,RWA,2021,81.6382
Rwanda,RWA,2022,80.5952
Rwanda,RWA,2023,91.4623
Saint Kitts and Nevis,KNA,1980,0
Saint Kitts and Nevis,KNA,1981,0
Saint Kitts and Nevis,KNA,1982,0
Saint Kitts and Nevis,KNA,1983,0
Saint Kitts and Nevis,KNA,1984,0
Saint Kitts and Nevis,KNA,1985,0
Saint Kitts and Nevis,KNA,1986,0
Saint Kitts and Nevis,KNA,1987,0
Saint Kitts and Nevis,KNA,1988,0
Saint Kitts and Nevis,KNA,1989,0
Saint Kitts and Nevis,KNA,1990,0
Saint Kitts and Nevis,KNA,1996,0.6961041
Saint Kitts and Nevis,KNA,1997,0.46958035
Saint Kitts and Nevis,KNA,1998,0.9947999
Saint Kitts and Nevis,KNA,1999,1.5616286
Saint Kitts and Nevis,KNA,2000,2.65205
Saint Kitts and Nevis,KNA,2001,4.58906
Saint Kitts and Nevis,KNA,2002,10.8648
Saint Kitts and Nevis,KNA,2003,47.6438
Saint Kitts and Nevis,KNA,2004,62.6147
Saint Kitts and Nevis,KNA,2005,109.826
Saint Kitts and Nevis,KNA,2006,109.515
Saint Kitts and Nevis,KNA,2007,138.098
Saint Kitts and Nevis,KNA,2008,159.069
Saint Kitts and Nevis,KNA,2009,160.926
Saint Kitts and Nevis,KNA,2010,170.772
Saint Kitts and Nevis,KNA,2011,164.228
Saint Kitts and Nevis,KNA,2012,161.589
Saint Kitts and Nevis,KNA,2013,163.59
Saint Kitts and Nevis,KNA,2014,138.036
Saint Kitts and Nevis,KNA,2015,155.051
Saint Kitts and Nevis,KNA,2016,162.683
Saint Kitts and Nevis,KNA,2017,163.396
Saint Kitts and Nevis,KNA,2018,152.302
Saint Kitts and Nevis,KNA,2019,138.916
Saint Kitts and Nevis,KNA,2020,133.401
Saint Kitts and Nevis,KNA,2021,121.256
Saint Kitts and Nevis,KNA,2022,116.924
Saint Kitts and Nevis,KNA,2023,118.893
Saint Lucia,LCA,1980,0
Saint Lucia,LCA,1981,0
Saint Lucia,LCA,1982,0
Saint Lucia,LCA,1983,0
Saint Lucia,LCA,1984,0
Saint Lucia,LCA,1985,0
Saint Lucia,LCA,1986,0
Saint Lucia,LCA,1987,0
Saint Lucia,LCA,1988,0
Saint Lucia,LCA,1989,0
Saint Lucia,LCA,1990,0
Saint Lucia,LCA,1994,0.3480317
Saint Lucia,LCA,1995,0.6563919
Saint Lucia,LCA,1996,0.9092739
Saint Lucia,LCA,1997,1.0292434
Saint Lucia,LCA,1998,1.2113098
Saint Lucia,LCA,1999,1.4533414
Saint Lucia,LCA,2000,1.57613
Saint Lucia,LCA,2001,1.685
Saint Lucia,LCA,2002,8.85481
Saint Lucia,LCA,2003,60.7451
Saint Lucia,LCA,2004,61.4957
Saint Lucia,LCA,2005,63.8598
Saint Lucia,LCA,2006,63.3705
Saint Lucia,LCA,2007,87.6262
Saint Lucia,LCA,2008,103.695
Saint Lucia,LCA,2009,111.697
Saint Lucia,LCA,2010,115.977
Saint Lucia,LCA,2011,126.035
Saint Lucia,LCA,2012,125.154
Saint Lucia,LCA,2013,122.319
Saint Lucia,LCA,2014,108.162
Saint Lucia,LCA,2015,107.339
Saint Lucia,LCA,2016,100.57
Saint Lucia,LCA,2017,100.2
Saint Lucia,LCA,2018,104.478
Saint Lucia,LCA,2019,83.1865
Saint Lucia,LCA,2020,81.8687
Saint Lucia,LCA,2021,96.2374
Saint Lucia,LCA,2022,98.6676
Saint Vincent and the Grenadines,VCT,1980,0
Saint Vincent and the Grenadines,VCT,1981,0
Saint Vincent and the Grenadines,VCT,1982,0
Saint Vincent and the Grenadines,VCT,1983,0
Saint Vincent and the Grenadines,VCT,1984,0
Saint Vincent and the Grenadines,VCT,1985,0
Saint Vincent and the Grenadines,VCT,1986,0
Saint Vincent and the Grenadines,VCT,1987,0
Saint Vincent and the Grenadines,VCT,1988,0
Saint Vincent and the Grenadines,VCT,1989,0
Saint Vincent and the Grenadines,VCT,1990,0
Saint Vincent and the Grenadines,VCT,1992,0.06182544
Saint Vincent and the Grenadines,VCT,1993,0.07304987
Saint Vincent and the Grenadines,VCT,1994,0.13164361
Saint Vincent and the Grenadines,VCT,1995,0.18830907
Saint Vincent and the Grenadines,VCT,1996,0.24499081
Saint Vincent and the Grenadines,VCT,1997,0.30277574
Saint Vincent and the Grenadines,VCT,1998,0.65694964
Saint Vincent and the Grenadines,VCT,1999,1.2456796
Saint Vincent and the Grenadines,VCT,2000,2.07935
Saint Vincent and the Grenadines,VCT,2001,6.60082
Saint Vincent and the Grenadines,VCT,2002,8.80659
Saint Vincent and the Grenadines,VCT,2003,55.6041
Saint Vincent and the Grenadines,VCT,2004,63.81
Saint Vincent and the Grenadines,VCT,2005,62.8012
Saint Vincent and the Grenadines,VCT,2006,78.2349
Saint Vincent and the Grenadines,VCT,2007,99.0675
Saint Vincent and the Grenadines,VCT,2008,117.176
Saint Vincent and the Grenadines,VCT,2009,109.597
Saint Vincent and the Grenadines,VCT,2010,119.855
Saint Vincent and the Grenadines,VCT,2011,120.54
Saint Vincent and the Grenadines,VCT,2012,116.789
Saint Vincent and the Grenadines,VCT,2013,115.946
Saint Vincent and the Grenadines,VCT,2014,106.958
Saint Vincent and the Grenadines,VCT,2015,105.994
Saint Vincent and the Grenadines,VCT,2016,105.924
Saint Vincent and the Grenadines,VCT,2017,109.635
Saint Vincent and the Grenadines,VCT,2018,107.164
Saint Vincent and the Grenadines,VCT,2019,92.5178
Saint Vincent and the Grenadines,VCT,2020,96.9438
Saint Vincent and the Grenadines,VCT,2021,95.5174
Saint Vincent and the Grenadines,VCT,2022,102.334
Saint Vincent and the Grenadines,VCT,2023,101.631
Samoa,WSM,1980,0
Samoa,WSM,1981,0
Samoa,WSM,1982,0
Samoa,WSM,1983,0
Samoa,WSM,1984,0
Samoa,WSM,1985,0
Samoa,WSM,1986,0
Samoa,WSM,1987,0
Samoa,WSM,1988,0
Samoa,WSM,1989,0
Samoa,WSM,1990,0
Samoa,WSM,1991,0
Samoa,WSM,1992,0
Samoa,WSM,1993,0
Samoa,WSM,1994,0
Samoa,WSM,1995,0
Samoa,WSM,1996,0
Samoa,WSM,1997,0.4290283
Samoa,WSM,1998,0.82046735
Samoa,WSM,1999,1.3347163
Samoa,WSM,2000,1.37601
Samoa,WSM,2001,1.36488
Samoa,WSM,2002,1.46364
Samoa,WSM,2003,5.66251
Samoa,WSM,2004,8.59065
Samoa,WSM,2005,12.8357
Samoa,WSM,2006,24.2396
Samoa,WSM,2007,45.5622
Samoa,WSM,2010,46.6266
Samoa,WSM,2012,51.0448
Samoa,WSM,2013,50.3798
Samoa,WSM,2014,53.2521
Samoa,WSM,2015,59.7263
Samoa,WSM,2016,74.2058
Samoa,WSM,2017,60.4683
Samoa,WSM,2018,48.1737
Samoa,WSM,2019,40.0419
Samoa,WSM,2020,32.5558
Samoa,WSM,2021,32.2763
Samoa,WSM,2022,62.3987
San Marino,SMR,1990,0
San Marino,SMR,1992,3.780242
San Marino,SMR,1993,5.3758993
San Marino,SMR,1994,7.744039
San Marino,SMR,1995,9.402877
San Marino,SMR,1996,9.031108
San Marino,SMR,1997,9.181122
San Marino,SMR,1998,19.156057
San Marino,SMR,1999,36.282383
San Marino,SMR,2000,54.1177
San Marino,SMR,2001,58.4092
San Marino,SMR,2002,60.9618
San Marino,SMR,2003,60.6975
San Marino,SMR,2004,60.5787
San Marino,SMR,2005,60.0238
San Marino,SMR,2006,60.0857
San Marino,SMR,2007,59.6944
San Marino,SMR,2008,82.1588
San Marino,SMR,2009,99.5314
San Marino,SMR,2010,99.8792
San Marino,SMR,2011,110.246
San Marino,SMR,2012,107.569
San Marino,SMR,2013,109.399
San Marino,SMR,2014,111.49
San Marino,SMR,2015,108.032
San Marino,SMR,2016,107.052
San Marino,SMR,2017,110.536
San Marino,SMR,2018,111.5
San Marino,SMR,2019,111.823
San Marino,SMR,2020,112.169
San Marino,SMR,2021,115.701
San Marino,SMR,2022,120.27
Sao Tome and Principe,STP,1980,0
Sao Tome and Principe,STP,1981,0
Sao Tome and Principe,STP,1982,0
Sao Tome and Principe,STP,1983,0
Sao Tome and Principe,STP,1984,0
Sao Tome and Principe,STP,1985,0
Sao Tome and Principe,STP,1986,0
Sao Tome and Principe,STP,1987,0
Sao Tome and Principe,STP,1988,0
Sao Tome and Principe,STP,1989,0
Sao Tome and Principe,STP,1990,0
Sao Tome and Principe,STP,1991,0
Sao Tome and Principe,STP,1992,0
Sao Tome and Principe,STP,1993,0
Sao Tome and Principe,STP,1994,0
Sao Tome and Principe,STP,1995,0
Sao Tome and Principe,STP,1996,0
Sao Tome and Principe,STP,1997,0
Sao Tome and Principe,STP,1998,0
Sao Tome and Principe,STP,1999,0
Sao Tome and Principe,STP,2000,0
Sao Tome and Principe,STP,2001,0
Sao Tome and Principe,STP,2002,1.32069
Sao Tome and Principe,STP,2003,3.133
Sao Tome and Principe,STP,2004,4.91107
Sao Tome and Principe,STP,2005,7.39487
Sao Tome and Principe,STP,2006,11.1231
Sao Tome and Principe,STP,2007,17.7366
Sao Tome and Principe,STP,2008,29.0869
Sao Tome and Principe,STP,2009,45.4471
Sao Tome and Principe,STP,2010,56.5065
Sao Tome and Principe,STP,2011,61.9653
Sao Tome and Principe,STP,2012,64.4915
Sao Tome and Principe,STP,2013,64.8875
Sao Tome and Principe,STP,2014,65.3057
Sao Tome and Principe,STP,2015,92.3511
Sao Tome and Principe,STP,2016,87.4112
Sao Tome and Principe,STP,2017,84.0523
Sao Tome and Principe,STP,2018,77.3644
Sao Tome and Principe,STP,2019,77.6791
Sao Tome and Principe,STP,2020,80.1173
Sao Tome and Principe,STP,2021,85.2578
Sao Tome and Principe,STP,2022,86.7785
Sao Tome and Principe,STP,2023,63.4541
Saudi Arabia,SAU,1990,0.09279113
Saudi Arabia,SAU,1991,0.092054434
Saudi Arabia,SAU,1992,0.09159007
Saudi Arabia,SAU,1993,0.089149326
Saudi Arabia,SAU,1994,0.08688703
Saudi Arabia,SAU,1995,0.08474838
Saudi Arabia,SAU,1996,0.9826546
Saudi Arabia,SAU,1997,1.6654716
Saudi Arabia,SAU,1998,3.0642009
Saudi Arabia,SAU,1999,3.982111
Saudi Arabia,SAU,2000,8.50479
Saudi Arabia,SAU,2001,14.8382
Saudi Arabia,SAU,2002,27.9604
Saudi Arabia,SAU,2003,38.5283
Saudi Arabia,SAU,2004,46.6498
Saudi Arabia,SAU,2005,68.8923
Saudi Arabia,SAU,2006,91.8024
Saudi Arabia,SAU,2007,126.965
Saudi Arabia,SAU,2008,154.587
Saudi Arabia,SAU,2009,185.255
Saudi Arabia,SAU,2010,204.969
Saudi Arabia,SAU,2011,206.852
Saudi Arabia,SAU,2012,195.843
Saudi Arabia,SAU,2013,189.476
Saudi Arabia,SAU,2014,181.857
Saudi Arabia,SAU,2015,176.134
Saudi Arabia,SAU,2016,156.041
Saudi Arabia,SAU,2017,130.63
Saudi Arabia,SAU,2018,136.046
Saudi Arabia,SAU,2019,135.526
Saudi Arabia,SAU,2020,139.444
Saudi Arabia,SAU,2021,145.004
Saudi Arabia,SAU,2022,149.798
Saudi Arabia,SAU,2023,157.775
Senegal,SEN,1980,0
Senegal,SEN,1981,0
Senegal,SEN,1982,0
Senegal,SEN,1983,0
Senegal,SEN,1984,0
Senegal,SEN,1985,0
Senegal,SEN,1986,0
Senegal,SEN,1987,0
Senegal,SEN,1988,0
Senegal,SEN,1989,0
Senegal,SEN,1990,0
Senegal,SEN,1991,0
Senegal,SEN,1992,0
Senegal,SEN,1993,0
Senegal,SEN,1994,0.001164311
Senegal,SEN,1995,0.001413234
Senegal,SEN,1996,0.01596667
Senegal,SEN,1997,0.076694146
Senegal,SEN,1998,0.29678693
Senegal,SEN,1999,0.9271341
Senegal,SEN,2000,2.51048
Senegal,SEN,2001,2.95518
Senegal,SEN,2002,5.28796
Senegal,SEN,2003,7.29792
Senegal,SEN,2004,10.2163
Senegal,SEN,2005,15.3986
Senegal,SEN,2006,25.9356
Senegal,SEN,2007,30.8471
Senegal,SEN,2008,44.727
Senegal,SEN,2009,55.9396
Senegal,SEN,2010,66.0344
Senegal,SEN,2011,72.1733
Senegal,SEN,2012,86.1775
Senegal,SEN,2013,95.7911
Senegal,SEN,2014,101.608
Senegal,SEN,2015,102.509
Senegal,SEN,2016,101.011
Senegal,SEN,2017,101.831
Senegal,SEN,2018,104.056
Senegal,SEN,2019,109.342
Senegal,SEN,2020,113.638
Senegal,SEN,2021,115.325
Senegal,SEN,2022,118.15
Senegal,SEN,2023,123.912
Serbia,SRB,2004,51.1718
Serbia,SRB,2005,73.72
Serbia,SRB,2006,89.3759
Serbia,SRB,2007,114.296
Serbia,SRB,2008,130.695
Serbia,SRB,2009,135.323
Serbia,SRB,2010,136.015
Serbia,SRB,2011,141.043
Serbia,SRB,2012,127.199
Serbia,SRB,2013,128.668
Serbia,SRB,2014,131.353
Serbia,SRB,2015,129.384
Serbia,SRB,2016,129.177
Serbia,SRB,2017,123.143
Serbia,SRB,2018,121.075
Serbia,SRB,2019,122.048
Serbia,SRB,2020,120.217
Serbia,SRB,2021,125.076
Serbia,SRB,2022,129.813
Serbia,SRB,2023,128.471
Seychelles,SYC,1980,0
Seychelles,SYC,1981,0
Seychelles,SYC,1982,0
Seychelles,SYC,1983,0
Seychelles,SYC,1984,0
Seychelles,SYC,1985,0
Seychelles,SYC,1986,0
Seychelles,SYC,1987,0
Seychelles,SYC,1988,0
Seychelles,SYC,1989,0
Seychelles,SYC,1990,0
Seychelles,SYC,1991,0
Seychelles,SYC,1992,0
Seychelles,SYC,1993,0
Seychelles,SYC,1994,0
Seychelles,SYC,1995,0.066903055
Seychelles,SYC,1996,1.3805426
Seychelles,SYC,1997,2.9360652
Seychelles,SYC,1998,6.682633
Seychelles,SYC,1999,20.696917
Seychelles,SYC,2000,31.1589
Seychelles,SYC,2001,43.3574
Seychelles,SYC,2002,52.0994
Seychelles,SYC,2003,56.563
Seychelles,SYC,2004,61.6736
Seychelles,SYC,2005,65.8773
Seychelles,SYC,2006,77.833
Seychelles,SYC,2007,84.4864
Seychelles,SYC,2008,101.004
Seychelles,SYC,2009,118.2
Seychelles,SYC,2010,123.814
Seychelles,SYC,2011,130.477
Seychelles,SYC,2012,137.107
Seychelles,SYC,2013,133.986
Seychelles,SYC,2014,144.606
Seychelles,SYC,2015,138.249
Seychelles,SYC,2016,138.277
Seychelles,SYC,2017,148.792
Seychelles,SYC,2018,155.551
Seychelles,SYC,2019,164.617
Seychelles,SYC,2020,152.545
Seychelles,SYC,2021,149.479
Seychelles,SYC,2022,163.43
Seychelles,SYC,2023,184.904
Sierra Leone,SLE,1980,0
Sierra Leone,SLE,1981,0
Sierra Leone,SLE,1982,0
Sierra Leone,SLE,1983,0
Sierra Leone,SLE,1984,0
Sierra Leone,SLE,1985,0
Sierra Leone,SLE,1986,0
Sierra Leone,SLE,1987,0
Sierra Leone,SLE,1988,0
Sierra Leone,SLE,1989,0
Sierra Leone,SLE,1990,0
Sierra Leone,SLE,1991,0
Sierra Leone,SLE,1992,0
Sierra Leone,SLE,1993,0
Sierra Leone,SLE,1994,0
Sierra Leone,SLE,1995,0
Sierra Leone,SLE,1996,0
Sierra Leone,SLE,1997,0
Sierra Leone,SLE,1998,0
Sierra Leone,SLE,1999,0
Sierra Leone,SLE,2000,0.269915
Sierra Leone,SLE,2001,0.573122
Sierra Leone,SLE,2002,1.3477
Sierra Leone,SLE,2003,2.18657
Sierra Leone,SLE,2007,13.4972
Sierra Leone,SLE,2008,17.1136
Sierra Leone,SLE,2009,19.1557
Sierra Leone,SLE,2010,32.1403
Sierra Leone,SLE,2011,33.4573
Sierra Leone,SLE,2012,33.7349
Sierra Leone,SLE,2013,59.5766
Sierra Leone,SLE,2014,69.1759
Sierra Leone,SLE,2015,80.3819
Sierra Leone,SLE,2016,87.1476
Sierra Leone,SLE,2017,89.7782
Sierra Leone,SLE,2018,84.1233
Sierra Leone,SLE,2019,87.0384
Sierra Leone,SLE,2020,87.0035
Sierra Leone,SLE,2021,101.637
Sierra Leone,SLE,2022,107.882
Singapore,SGP,1980,0
Singapore,SGP,1981,0
Singapore,SGP,1982,0
Singapore,SGP,1983,0
Singapore,SGP,1988,0.37587172
Singapore,SGP,1989,0.8926592
Singapore,SGP,1990,1.7115958
Singapore,SGP,1991,2.6246707
Singapore,SGP,1992,3.717206
Singapore,SGP,1993,5.3687153
Singapore,SGP,1994,6.8524704
Singapore,SGP,1995,8.634616
Singapore,SGP,1996,11.80234
Singapore,SGP,1997,22.565248
Singapore,SGP,1998,28.31395
Singapore,SGP,1999,41.11453
Singapore,SGP,2000,68.0851
Singapore,SGP,2001,72.6793
Singapore,SGP,2002,79.8912
Singapore,SGP,2003,86.4376
Singapore,SGP,2004,95.6368
Singapore,SGP,2005,102.723
Singapore,SGP,2006,108.658
Singapore,SGP,2007,128.882
Singapore,SGP,2008,133.454
Singapore,SGP,2009,138.567
Singapore,SGP,2010,145.452
Singapore,SGP,2011,150.404
Singapore,SGP,2012,152.41
Singapore,SGP,2013,156.679
Singapore,SGP,2014,148.478
Singapore,SGP,2015,149.006
Singapore,SGP,2016,151.682
Singapore,SGP,2017,149.568
Singapore,SGP,2018,152.074
Singapore,SGP,2019,159.347
Singapore,SGP,2020,150.259
Singapore,SGP,2021,157.978
Singapore,SGP,2022,173.005
Singapore,SGP,2023,173.2
Sint Maarten (Dutch part),SXM,2012,196.557
Sint Maarten (Dutch part),SXM,2022,205.373
Slovakia,SVK,1980,0
Slovakia,SVK,1981,0
Slovakia,SVK,1982,0
Slovakia,SVK,1983,0
Slovakia,SVK,1984,0
Slovakia,SVK,1985,0
Slovakia,SVK,1986,0
Slovakia,SVK,1987,0
Slovakia,SVK,1988,0
Slovakia,SVK,1989,0
Slovakia,SVK,1990,0
Slovakia,SVK,1991,0.002253691
Slovakia,SVK,1992,0.02898965
Slovakia,SVK,1993,0.058720082
Slovakia,SVK,1994,0.11137311
Slovakia,SVK,1995,0.23018709
Slovakia,SVK,1996,0.5348349
Slovakia,SVK,1997,3.729899
Slovakia,SVK,1998,8.664254
Slovakia,SVK,1999,12.355701
Slovakia,SVK,2000,23.1178
Slovakia,SVK,2001,39.9174
Slovakia,SVK,2002,54.3613
Slovakia,SVK,2003,68.4271
Slovakia,SVK,2004,79.5226
Slovakia,SVK,2005,84.4454
Slovakia,SVK,2006,91.0056
Slovakia,SVK,2007,112.852
Slovakia,SVK,2008,102.62
Slovakia,SVK,2009,102.092
Slovakia,SVK,2010,109.888
Slovakia,SVK,2011,110.836
Slovakia,SVK,2012,112.759
Slovakia,SVK,2013,114.749
Slovakia,SVK,2014,117.781
Slovakia,SVK,2015,123.159
Slovakia,SVK,2016,128.792
Slovakia,SVK,2017,130.945
Slovakia,SVK,2018,133.04
Slovakia,SVK,2019,135.756
Slovakia,SVK,2020,133.633
Slovakia,SVK,2021,135.268
Slovakia,SVK,2022,136.029
Slovakia,SVK,2023,138.233
Slovenia,SVN,1980,0
Slovenia,SVN,1981,0
Slovenia,SVN,1982,0
Slovenia,SVN,1983,0
Slovenia,SVN,1984,0
Slovenia,SVN,1985,0
Slovenia,SVN,1986,0
Slovenia,SVN,1987,0
Slovenia,SVN,1988,0
Slovenia,SVN,1989,0
Slovenia,SVN,1990,0
Slovenia,SVN,1991,0.026284087
Slovenia,SVN,1992,0.17576104
Slovenia,SVN,1993,0.32635683
Slovenia,SVN,1994,0.8201064
Slovenia,SVN,1995,1.3711475
Slovenia,SVN,1996,2.0699093
Slovenia,SVN,1997,4.704477
Slovenia,SVN,1998,8.1279335
Slovenia,SVN,1999,31.788923
Slovenia,SVN,2000,61.1834
Slovenia,SVN,2001,73.8855
Slovenia,SVN,2002,83.7145
Slovenia,SVN,2003,87.2851
Slovenia,SVN,2004,92.7311
Slovenia,SVN,2005,88.0975
Slovenia,SVN,2006,90.8372
Slovenia,SVN,2007,95.7428
Slovenia,SVN,2008,101.472
Slovenia,SVN,2009,103.185
Slovenia,SVN,2010,103.783
Slovenia,SVN,2011,105.845
Slovenia,SVN,2012,109.148
Slovenia,SVN,2013,111.045
Slovenia,SVN,2014,113.019
Slovenia,SVN,2015,114.271
Slovenia,SVN,2016,115.736
Slovenia,SVN,2017,118.462
Slovenia,SVN,2018,119.153
Slovenia,SVN,2019,120.569
Slovenia,SVN,2020,121.331
Slovenia,SVN,2021,123.363
Slovenia,SVN,2022,126.459
Slovenia,SVN,2023,129.228
Solomon Islands,SLB,1980,0
Solomon Islands,SLB,1981,0
Solomon Islands,SLB,1982,0
Solomon Islands,SLB,1983,0
Solomon Islands,SLB,1984,0
Solomon Islands,SLB,1985,0
Solomon Islands,SLB,1986,0
Solomon Islands,SLB,1987,0
Solomon Islands,SLB,1988,0
Solomon Islands,SLB,1989,0
Solomon Islands,SLB,1990,0
Solomon Islands,SLB,1991,0
Solomon Islands,SLB,1992,0
Solomon Islands,SLB,1993,0
Solomon Islands,SLB,1994,0.03950574
Solomon Islands,SLB,1995,0.06130244
Solomon Islands,SLB,1996,0.08729009
Solomon Islands,SLB,1997,0.1657222
Solomon Islands,SLB,1998,0.1719977
Solomon Islands,SLB,1999,0.2607167
Solomon Islands,SLB,2000,0.261312
Solomon Islands,SLB,2001,0.215308
Solomon Islands,SLB,2002,0.218279
Solomon Islands,SLB,2003,0.227393
Solomon Islands,SLB,2004,0.632097
Solomon Islands,SLB,2005,1.24203
Solomon Islands,SLB,2006,1.42394
Solomon Islands,SLB,2007,2.17932
Solomon Islands,SLB,2008,5.89634
Solomon Islands,SLB,2009,9.64988
Solomon Islands,SLB,2010,21.6711
Solomon Islands,SLB,2011,49.7105
Solomon Islands,SLB,2012,52.675
Solomon Islands,SLB,2013,54.3084
Solomon Islands,SLB,2014,61.0619
Solomon Islands,SLB,2015,66.422
Solomon Islands,SLB,2016,62.8903
Solomon Islands,SLB,2017,67.865
Solomon Islands,SLB,2018,67.9775
Solomon Islands,SLB,2019,65.662
Solomon Islands,SLB,2020,63.6671
Solomon Islands,SLB,2021,62.1565
Solomon Islands,SLB,2022,62.0735
Somalia,SOM,1980,0
Somalia,SOM,1981,0
Somalia,SOM,1982,0
Somalia,SOM,1983,0
Somalia,SOM,1984,0
Somalia,SOM,1985,0
Somalia,SOM,1986,0
Somalia,SOM,1987,0
Somalia,SOM,1988,0
Somalia,SOM,1989,0
Somalia,SOM,1990,0
Somalia,SOM,1991,0
Somalia,SOM,1992,0
Somalia,SOM,1993,0
Somalia,SOM,1994,0
Somalia,SOM,1995,0
Somalia,SOM,1996,0
Somalia,SOM,1997,0
Somalia,SOM,1998,0
Somalia,SOM,1999,0
Somalia,SOM,2000,0.905109
Somalia,SOM,2001,0.924064
Somalia,SOM,2002,1.04711
Somalia,SOM,2003,2.01834
Somalia,SOM,2004,4.86334
Somalia,SOM,2005,4.69738
Somalia,SOM,2006,5.01116
Somalia,SOM,2007,5.29914
Somalia,SOM,2008,5.37594
Somalia,SOM,2009,5.35899
Somalia,SOM,2010,5.28636
Somalia,SOM,2011,14.5763
Somalia,SOM,2012,18.4574
Somalia,SOM,2013,40.2732
Somalia,SOM,2014,41.231
Somalia,SOM,2015,42.2685
Somalia,SOM,2016,46.3667
Somalia,SOM,2017,47.7253
Somalia,SOM,2018,49.5263
Somalia,SOM,2019,51.3194
Somalia,SOM,2020,53.1133
Somalia,SOM,2021,51.2059
Somalia,SOM,2022,49.6801
Somalia,SOM,2023,53.958
South Africa,ZAF,1980,0
South Africa,ZAF,1981,0
South Africa,ZAF,1982,0
South Africa,ZAF,1983,0
South Africa,ZAF,1984,0
South Africa,ZAF,1985,0
South Africa,ZAF,1986,0
South Africa,ZAF,1987,0
South Africa,ZAF,1988,0
South Africa,ZAF,1989,0.010292566
South Africa,ZAF,1990,0.014243596
South Africa,ZAF,1991,0.017354762
South Africa,ZAF,1992,0.029956356
South Africa,ZAF,1993,0.094061345
South Africa,ZAF,1994,0.78580046
South Africa,ZAF,1995,1.2162938
South Africa,ZAF,1996,2.133824
South Africa,ZAF,1997,4.0543184
South Africa,ZAF,1998,7.2777367
South Africa,ZAF,1999,11.189551
South Africa,ZAF,2000,17.6825
South Africa,ZAF,2001,22.6776
South Africa,ZAF,2002,28.5343
South Africa,ZAF,2003,34.7626
South Africa,ZAF,2004,42.536
South Africa,ZAF,2005,68.6198
South Africa,ZAF,2006,79.3267
South Africa,ZAF,2007,83.715
South Africa,ZAF,2008,88.0375
South Africa,ZAF,2009,89.7687
South Africa,ZAF,2010,96.2325
South Africa,ZAF,2011,120.766
South Africa,ZAF,2012,127.168
South Africa,ZAF,2013,140.576
South Africa,ZAF,2014,142.604
South Africa,ZAF,2015,155.138
South Africa,ZAF,2016,143.929
South Africa,ZAF,2017,153.548
South Africa,ZAF,2018,157.692
South Africa,ZAF,2019,162.739
South Africa,ZAF,2020,158.447
South Africa,ZAF,2021,163.128
South Africa,ZAF,2022,160.729
South Africa,ZAF,2023,171.509
South Asia (WB),WB_SA,1980,0
South Asia (WB),WB_SA,1981,0
South Asia (WB),WB_SA,1982,0
South Asia (WB),WB_SA,1983,0
South Asia (WB),WB_SA,1984,0
South Asia (WB),WB_SA,1985,0
South Asia (WB),WB_SA,1986,0
South Asia (WB),WB_SA,1987,0
South Asia (WB),WB_SA,1988,0
South Asia (WB),WB_SA,1989,0
South Asia (WB),WB_SA,1990,0.0002637314
South Asia (WB),WB_SA,1991,0.000882998
South Asia (WB),WB_SA,1992,0.0013748852
South Asia (WB),WB_SA,1993,0.0025580307
South Asia (WB),WB_SA,1994,0.0044093947
South Asia (WB),WB_SA,1995,0.013470264
South Asia (WB),WB_SA,1996,0.03625145
South Asia (WB),WB_SA,1997,0.08740852
South Asia (WB),WB_SA,1998,0.12139592
South Asia (WB),WB_SA,1999,0.18581438
South Asia (WB),WB_SA,2000,0.32770666
South Asia (WB),WB_SA,2001,0.59306705
South Asia (WB),WB_SA,2002,1.1486261
South Asia (WB),WB_SA,2003,2.632234
South Asia (WB),WB_SA,2004,4.1620812
South Asia (WB),WB_SA,2005,7.587274
South Asia (WB),WB_SA,2006,14.6325865
South Asia (WB),WB_SA,2007,21.84587
South Asia (WB),WB_SA,2008,31.215807
South Asia (WB),WB_SA,2009,43.02043
South Asia (WB),WB_SA,2010,57.62918
South Asia (WB),WB_SA,2011,67.280754
South Asia (WB),WB_SA,2012,66.392624
South Asia (WB),WB_SA,2013,68.733604
South Asia (WB),WB_SA,2014,72.488976
South Asia (WB),WB_SA,2015,74.4
South Asia (WB),WB_SA,2016,81.8
South Asia (WB),WB_SA,2017,84.8
South Asia (WB),WB_SA,2018,85.5
South Asia (WB),WB_SA,2019,83.9
South Asia (WB),WB_SA,2020,86.3
South Asia (WB),WB_SA,2021,86.2
South Asia (WB),WB_SA,2022,85
South Asia (WB),WB_SA,2023,85.3
South Asia (WB),WB_SA,2024,83.4
South Asia (WB),WB_SA,2025,81.7
South Korea,KOR,1980,0
South Korea,KOR,1981,0
South Korea,KOR,1982,0
South Korea,KOR,1983,0
South Korea,KOR,1986,0.01695819
South Korea,KOR,1987,0.024183325
South Korea,KOR,1988,0.04734527
South Korea,KOR,1989,0.09116426
South Korea,KOR,1990,0.18133484
South Korea,KOR,1991,0.37338203
South Korea,KOR,1992,0.60828733
South Korea,KOR,1993,1.0499754
South Korea,KOR,1994,2.1260743
South Korea,KOR,1995,3.615707
South Korea,KOR,1996,6.966661
South Korea,KOR,1997,14.966118
South Korea,KOR,1998,30.310343
South Korea,KOR,1999,50.392303
South Korea,KOR,2000,57.3408
South Korea,KOR,2001,61.742
South Korea,KOR,2002,68.3786
South Korea,KOR,2003,70.6984
South Korea,KOR,2004,76.705
South Korea,KOR,2005,80.1275
South Korea,KOR,2006,83.7326
South Korea,KOR,2007,92.094
South Korea,KOR,2008,94.3141
South Korea,KOR,2009,98.759
South Korea,KOR,2010,104.097
South Korea,KOR,2011,106.878
South Korea,KOR,2012,108.115
South Korea,KOR,2013,109.206
South Korea,KOR,2014,113.359
South Korea,KOR,2015,115.595
South Korea,KOR,2016,119.49
South Korea,KOR,2017,123.642
South Korea,KOR,2018,128.495
South Korea,KOR,2019,133.08
South Korea,KOR,2020,135.973
South Korea,KOR,2021,140.516
South Korea,KOR,2022,148.684
South Korea,KOR,2023,162.114
South Sudan,SSD,2010,15.391
South Sudan,SSD,2011,17.4959
South Sudan,SSD,2012,21.3829
South Sudan,SSD,2013,25.5522
South Sudan,SSD,2014,25.5993
South Sudan,SSD,2015,26.0993
South Sudan,SSD,2016,24.9305
South Sudan,SSD,2017,27.1848
South Sudan,SSD,2018,18.9298
South Sudan,SSD,2019,21.3171
South Sudan,SSD,2021,30.151
South Sudan,SSD,2022,48.4888
South Sudan,SSD,2023,46.6152
Spain,ESP,1980,0
Spain,ESP,1981,0
Spain,ESP,1982,0
Spain,ESP,1986,0.004405194
Spain,ESP,1987,0.010854247
Spain,ESP,1988,0.029983196
Spain,ESP,1989,0.07666681
Spain,ESP,1990,0.14065352
Spain,ESP,1991,0.27810043
Spain,ESP,1992,0.45991236
Spain,ESP,1993,0.65260637
Spain,ESP,1994,1.0396044
Spain,ESP,1995,2.3733897
Spain,ESP,1996,7.4947734
Spain,ESP,1997,10.795646
Spain,ESP,1998,15.949128
Spain,ESP,1999,37.007603
Spain,ESP,2000,59.1545
Spain,ESP,2001,71.9003
Spain,ESP,2002,80.3028
Spain,ESP,2003,87.5626
Spain,ESP,2004,89.3326
Spain,ESP,2005,97.1228
Spain,ESP,2006,102.236
Spain,ESP,2007,106.384
Spain,ESP,2008,107.328
Spain,ESP,2009,109.472
Spain,ESP,2010,109.712
Spain,ESP,2011,111.899
Spain,ESP,2012,107.756
Spain,ESP,2013,107.039
Spain,ESP,2014,108.746
Spain,ESP,2015,109.391
Spain,ESP,2016,110.247
Spain,ESP,2017,112.03
Spain,ESP,2018,115.009
Spain,ESP,2019,116.696
Spain,ESP,2020,116.712
Spain,ESP,2021,119
Spain,ESP,2022,123.4
Spain,ESP,2023,127.715
Sri Lanka,LKA,1980,0
Sri Lanka,LKA,1981,0
Sri Lanka,LKA,1982,0
Sri Lanka,LKA,1983,0
Sri Lanka,LKA,1984,0
Sri Lanka,LKA,1985,0
Sri Lanka,LKA,1986,0
Sri Lanka,LKA,1987,0
Sri Lanka,LKA,1988,0
Sri Lanka,LKA,1989,0
Sri Lanka,LKA,1990,0.005870696
Sri Lanka,LKA,1991,0.01033497
Sri Lanka,LKA,1992,0.015001881
Sri Lanka,LKA,1993,0.082392685
Sri Lanka,LKA,1994,0.16201651
Sri Lanka,LKA,1995,0.28230393
Sri Lanka,LKA,1996,0.38765985
Sri Lanka,LKA,1997,0.62272877
Sri Lanka,LKA,1998,0.938548
Sri Lanka,LKA,1999,1.3746618
Sri Lanka,LKA,2000,2.22983
Sri Lanka,LKA,2001,3.40638
Sri Lanka,LKA,2002,4.70269
Sri Lanka,LKA,2003,6.98394
Sri Lanka,LKA,2004,11.0076
Sri Lanka,LKA,2005,16.6288
Sri Lanka,LKA,2006,26.5939
Sri Lanka,LKA,2007,38.958
Sri Lanka,LKA,2008,53.7217
Sri Lanka,LKA,2009,78.556
Sri Lanka,LKA,2010,83.1421
Sri Lanka,LKA,2011,87.1979
Sri Lanka,LKA,2012,91.3242
Sri Lanka,LKA,2013,95.1136
Sri Lanka,LKA,2014,102.671
Sri Lanka,LKA,2015,109.985
Sri Lanka,LKA,2016,117.738
Sri Lanka,LKA,2017,127.67
Sri Lanka,LKA,2018,136.084
Sri Lanka,LKA,2019,126.514
Sri Lanka,LKA,2020,131.773
Sri Lanka,LKA,2021,135.523
Sri Lanka,LKA,2022,151.727
Sri Lanka,LKA,2023,142.277
Sub-Saharan Africa (WB),WB_SSA,1980,0
Sub-Saharan Africa (WB),WB_SSA,1981,0
Sub-Saharan Africa (WB),WB_SSA,1982,0
Sub-Saharan Africa (WB),WB_SSA,1983,0
Sub-Saharan Africa (WB),WB_SSA,1984,0
Sub-Saharan Africa (WB),WB_SSA,1985,0
Sub-Saharan Africa (WB),WB_SSA,1986,0
Sub-Saharan Africa (WB),WB_SSA,1987,0
Sub-Saharan Africa (WB),WB_SSA,1988,0
Sub-Saharan Africa (WB),WB_SSA,1989,0.0007994579
Sub-Saharan Africa (WB),WB_SSA,1990,0.0015393273
Sub-Saharan Africa (WB),WB_SSA,1991,0.0018254938
Sub-Saharan Africa (WB),WB_SSA,1992,0.0034697754
Sub-Saharan Africa (WB),WB_SSA,1993,0.011487194
Sub-Saharan Africa (WB),WB_SSA,1994,0.07064017
Sub-Saharan Africa (WB),WB_SSA,1995,0.1030207
Sub-Saharan Africa (WB),WB_SSA,1996,0.18060689
Sub-Saharan Africa (WB),WB_SSA,1997,0.3407434
Sub-Saharan Africa (WB),WB_SSA,1998,0.6131599
Sub-Saharan Africa (WB),WB_SSA,1999,0.99787694
Sub-Saharan Africa (WB),WB_SSA,2000,1.7207674
Sub-Saharan Africa (WB),WB_SSA,2001,2.496604
Sub-Saharan Africa (WB),WB_SSA,2002,3.5801473
Sub-Saharan Africa (WB),WB_SSA,2003,4.9578342
Sub-Saharan Africa (WB),WB_SSA,2004,7.3887053
Sub-Saharan Africa (WB),WB_SSA,2005,11.99051
Sub-Saharan Africa (WB),WB_SSA,2006,17.67825
Sub-Saharan Africa (WB),WB_SSA,2007,23.055832
Sub-Saharan Africa (WB),WB_SSA,2008,31.696676
Sub-Saharan Africa (WB),WB_SSA,2009,37.411415
Sub-Saharan Africa (WB),WB_SSA,2010,44.093983
Sub-Saharan Africa (WB),WB_SSA,2011,52.163414
Sub-Saharan Africa (WB),WB_SSA,2012,58.582508
Sub-Saharan Africa (WB),WB_SSA,2013,64.71107
Sub-Saharan Africa (WB),WB_SSA,2014,69.37849
Sub-Saharan Africa (WB),WB_SSA,2015,73.3
Sub-Saharan Africa (WB),WB_SSA,2016,71.5
Sub-Saharan Africa (WB),WB_SSA,2017,70.8
Sub-Saharan Africa (WB),WB_SSA,2018,74.4
Sub-Saharan Africa (WB),WB_SSA,2019,77.4
Sub-Saharan Africa (WB),WB_SSA,2020,80.8
Sub-Saharan Africa (WB),WB_SSA,2021,83
Sub-Saharan Africa (WB),WB_SSA,2022,87.6
Sub-Saharan Africa (WB),WB_SSA,2023,90
Sub-Saharan Africa (WB),WB_SSA,2024,89.2
Sub-Saharan Africa (WB),WB_SSA,2025,90.4
Sudan,SDN,1980,0
Sudan,SDN,1981,0
Sudan,SDN,1982,0
Sudan,SDN,1983,0
Sudan,SDN,1984,0
Sudan,SDN,1985,0
Sudan,SDN,1986,0
Sudan,SDN,1987,0
Sudan,SDN,1988,0
Sudan,SDN,1989,0
Sudan,SDN,1990,0
Sudan,SDN,1991,0
Sudan,SDN,1992,0
Sudan,SDN,1993,0
Sudan,SDN,1994,0
Sudan,SDN,1995,0
Sudan,SDN,1996,0.00921958
Sudan,SDN,1997,0.015539144
Sudan,SDN,1998,0.034359947
Sudan,SDN,1999,0.050713576
Sudan,SDN,2000,0.082684
Sudan,SDN,2001,0.364158
Sudan,SDN,2002,0.652707
Sudan,SDN,2003,1.76355
Sudan,SDN,2004,3.43152
Sudan,SDN,2005,5.84708
Sudan,SDN,2006,14.6382
Sudan,SDN,2007,25.0826
Sudan,SDN,2008,35.6634
Sudan,SDN,2009,44.3746
Sudan,SDN,2010,51.09
Sudan,SDN,2011,69.3293
Sudan,SDN,2012,74.9085
Sudan,SDN,2013,73.1964
Sudan,SDN,2014,71.5977
Sudan,SDN,2015,69.8036
Sudan,SDN,2016,67.3955
Sudan,SDN,2017,67.0598
Sudan,SDN,2018,68.0534
Sudan,SDN,2019,72.4819
Sudan,SDN,2020,75.2207
Sudan,SDN,2021,71.7672
Sudan,SDN,2022,70.2084
Suriname,SUR,1980,0
Suriname,SUR,1981,0
Suriname,SUR,1982,0
Suriname,SUR,1983,0
Suriname,SUR,1984,0
Suriname,SUR,1985,0
Suriname,SUR,1986,0
Suriname,SUR,1987,0
Suriname,SUR,1988,0
Suriname,SUR,1989,0
Suriname,SUR,1990,0
Suriname,SUR,1991,0
Suriname,SUR,1992,0
Suriname,SUR,1993,0.25522345
Suriname,SUR,1994,0.32399637
Suriname,SUR,1995,0.3882713
Suriname,SUR,1996,0.54434764
Suriname,SUR,1997,0.49858022
Suriname,SUR,1998,1.3009232
Suriname,SUR,1999,3.7197795
Suriname,SUR,2000,8.6119
Suriname,SUR,2001,17.8806
Suriname,SUR,2002,21.8231
Suriname,SUR,2003,33.2775
Suriname,SUR,2004,41.4107
Suriname,SUR,2005,44.8256
Suriname,SUR,2006,60.9527
Suriname,SUR,2007,71.5609
Suriname,SUR,2008,122.31
Suriname,SUR,2009,140.537
Suriname,SUR,2010,94.7707
Suriname,SUR,2011,95.9108
Suriname,SUR,2012,101.144
Suriname,SUR,2013,152.648
Suriname,SUR,2014,161.252
Suriname,SUR,2015,129.027
Suriname,SUR,2016,137.281
Suriname,SUR,2017,134.05
Suriname,SUR,2018,125.48
Suriname,SUR,2019,134.349
Suriname,SUR,2020,146.875
Suriname,SUR,2021,146.654
Suriname,SUR,2022,149.052
Suriname,SUR,2023,157.246
Sweden,SWE,1980,0
Sweden,SWE,1981,0.24453904
Sweden,SWE,1982,0.32654244
Sweden,SWE,1983,0.434393
Sweden,SWE,1984,0.6918169
Sweden,SWE,1985,0.87009245
Sweden,SWE,1986,1.3385972
Sweden,SWE,1987,2.0502503
Sweden,SWE,1988,2.8695805
Sweden,SWE,1989,4.103477
Sweden,SWE,1990,5.395158
Sweden,SWE,1991,6.611459
Sweden,SWE,1992,7.5923533
Sweden,SWE,1993,8.919313
Sweden,SWE,1994,15.830874
Sweden,SWE,1995,22.926311
Sweden,SWE,1996,28.364939
Sweden,SWE,1997,35.97919
Sweden,SWE,1998,46.541748
Sweden,SWE,1999,57.92826
Sweden,SWE,2000,71.824
Sweden,SWE,2001,80.6878
Sweden,SWE,2002,89.064
Sweden,SWE,2003,98.2426
Sweden,SWE,2004,97.6783
Sweden,SWE,2005,100.822
Sweden,SWE,2006,105.797
Sweden,SWE,2007,110.588
Sweden,SWE,2008,108.613
Sweden,SWE,2009,112.273
Sweden,SWE,2010,117.212
Sweden,SWE,2011,121.219
Sweden,SWE,2012,124.465
Sweden,SWE,2013,125.142
Sweden,SWE,2014,126.98
Sweden,SWE,2015,128.974
Sweden,SWE,2016,126.402
Sweden,SWE,2017,124.473
Sweden,SWE,2018,124.086
Sweden,SWE,2019,125.457
Sweden,SWE,2020,123.549
Sweden,SWE,2021,124.961
Sweden,SWE,2022,140.782
Sweden,SWE,2023,140.266
Switzerland,CHE,1980,0
Switzerland,CHE,1981,0
Switzerland,CHE,1982,0
Switzerland,CHE,1983,0
Switzerland,CHE,1984,0
Switzerland,CHE,1985,0
Switzerland,CHE,1986,0
Switzerland,CHE,1987,0.08365865
Switzerland,CHE,1988,0.46670008
Switzerland,CHE,1989,1.0943835
Switzerland,CHE,1990,1.8631216
Switzerland,CHE,1991,2.5687551
Switzerland,CHE,1992,3.1289887
Switzerland,CHE,1993,3.7153764
Switzerland,CHE,1994,4.7509575
Switzerland,CHE,1995,6.353341
Switzerland,CHE,1996,9.374002
Switzerland,CHE,1997,14.73655
Switzerland,CHE,1998,23.895782
Switzerland,CHE,1999,42.80908
Switzerland,CHE,2000,64.5673
Switzerland,CHE,2001,73.0073
Switzerland,CHE,2002,78.8089
Switzerland,CHE,2003,84.3941
Switzerland,CHE,2004,84.9756
Switzerland,CHE,2005,91.959
Switzerland,CHE,2006,99.4337
Switzerland,CHE,2007,108.793
Switzerland,CHE,2008,116.423
Switzerland,CHE,2009,120.483
Switzerland,CHE,2010,123.236
Switzerland,CHE,2011,127.397
Switzerland,CHE,2012,132.031
Switzerland,CHE,2013,136.551
Switzerland,CHE,2014,136.138
Switzerland,CHE,2015,135.723
Switzerland,CHE,2016,134.236
Switzerland,CHE,2017,131.17
Switzerland,CHE,2018,126.681
Switzerland,CHE,2019,126.921
Switzerland,CHE,2020,127.376
Switzerland,CHE,2021,123.212
Switzerland,CHE,2022,123.971
Switzerland,CHE,2023,128.64
Syria,SYR,1980,0
Syria,SYR,1981,0
Syria,SYR,1982,0
Syria,SYR,1983,0
Syria,SYR,1984,0
Syria,SYR,1985,0
Syria,SYR,1986,0
Syria,SYR,1987,0
Syria,SYR,1988,0
Syria,SYR,1989,0
Syria,SYR,1990,0
Syria,SYR,1991,0
Syria,SYR,1992,0
Syria,SYR,1993,0
Syria,SYR,1994,0
Syria,SYR,1995,0
Syria,SYR,1996,0
Syria,SYR,1997,0
Syria,SYR,1998,0
Syria,SYR,1999,0.02515533
Syria,SYR,2000,0.180311
Syria,SYR,2001,1.17293
Syria,SYR,2002,2.28986
Syria,SYR,2003,6.62407
Syria,SYR,2004,12.7939
Syria,SYR,2005,15.6797
Syria,SYR,2006,23.8071
Syria,SYR,2007,29.8537
Syria,SYR,2008,32.6122
Syria,SYR,2009,45.6017
Syria,SYR,2010,52.0229
Syria,SYR,2011,56.4601
Syria,SYR,2012,57.0305
Syria,SYR,2013,56.7277
Syria,SYR,2014,69.2512
Syria,SYR,2015,73.6811
Syria,SYR,2016,69.5529
Syria,SYR,2017,80.0326
Syria,SYR,2018,87.4952
Syria,SYR,2019,87.1297
Syria,SYR,2020,79.1482
Syria,SYR,2021,78.5558
Syria,SYR,2022,78.6568
Syria,SYR,2023,72.4406
Tajikistan,TJK,1980,0
Tajikistan,TJK,1981,0
Tajikistan,TJK,1982,0
Tajikistan,TJK,1983,0
Tajikistan,TJK,1984,0
Tajikistan,TJK,1985,0
Tajikistan,TJK,1986,0
Tajikistan,TJK,1987,0
Tajikistan,TJK,1988,0
Tajikistan,TJK,1989,0
Tajikistan,TJK,1990,0
Tajikistan,TJK,1991,0
Tajikistan,TJK,1992,0
Tajikistan,TJK,1993,0
Tajikistan,TJK,1994,0
Tajikistan,TJK,1995,0
Tajikistan,TJK,1996,0.001689973
Tajikistan,TJK,1997,0.005231264
Tajikistan,TJK,1998,0.006821721
Tajikistan,TJK,1999,0.01009764
Tajikistan,TJK,2000,0.0184574
Tajikistan,TJK,2001,0.0254394
Tajikistan,TJK,2002,0.202092
Tajikistan,TJK,2003,0.715123
Tajikistan,TJK,2004,1.98806
Tajikistan,TJK,2005,3.82687
Tajikistan,TJK,2006,30.4638
Tajikistan,TJK,2007,29.6445
Tajikistan,TJK,2008,50.0588
Tajikistan,TJK,2009,65.4186
Tajikistan,TJK,2010,77.6363
Tajikistan,TJK,2011,80.8201
Tajikistan,TJK,2012,81.4566
Tajikistan,TJK,2013,91.7288
Tajikistan,TJK,2014,94.9386
Tajikistan,TJK,2015,98.2087
Tajikistan,TJK,2016,106.027
Tajikistan,TJK,2017,109.004
Tajikistan,TJK,2018,107.442
Tajikistan,TJK,2019,115.373
Tajikistan,TJK,2020,118.819
Tajikistan,TJK,2021,116.225
Tajikistan,TJK,2022,126.161
Tanzania,TZA,1980,0
Tanzania,TZA,1981,0
Tanzania,TZA,1982,0
Tanzania,TZA,1983,0
Tanzania,TZA,1984,0
Tanzania,TZA,1985,0
Tanzania,TZA,1986,0
Tanzania,TZA,1987,0
Tanzania,TZA,1988,0
Tanzania,TZA,1989,0
Tanzania,TZA,1990,0
Tanzania,TZA,1991,0
Tanzania,TZA,1992,0
Tanzania,TZA,1993,0
Tanzania,TZA,1994,0.001253449
Tanzania,TZA,1995,0.011452853
Tanzania,TZA,1996,0.02902308
Tanzania,TZA,1997,0.0635503
Tanzania,TZA,1998,0.116285846
Tanzania,TZA,1999,0.1520906
Tanzania,TZA,2000,0.322585
Tanzania,TZA,2001,0.782879
Tanzania,TZA,2002,1.68006
Tanzania,TZA,2003,3.49964
Tanzania,TZA,2004,5.09582
Tanzania,TZA,2005,7.56468
Tanzania,TZA,2006,13.9199
Tanzania,TZA,2007,19.9153
Tanzania,TZA,2008,30.5534
Tanzania,TZA,2009,40.0364
Tanzania,TZA,2010,46.8824
Tanzania,TZA,2011,55.761
Tanzania,TZA,2012,57.4558
Tanzania,TZA,2013,56.2075
Tanzania,TZA,2014,63.2804
Tanzania,TZA,2015,76.2493
Tanzania,TZA,2016,74.3984
Tanzania,TZA,2017,71.7912
Tanzania,TZA,2018,75.7302
Tanzania,TZA,2019,80.5836
Tanzania,TZA,2020,84.0051
Tanzania,TZA,2021,86.0163
Tanzania,TZA,2022,93.016
Tanzania,TZA,2023,105.4
Thailand,THA,1980,0
Thailand,THA,1981,0
Thailand,THA,1982,0
Thailand,THA,1983,0
Thailand,THA,1984,0
Thailand,THA,1985,0
Thailand,THA,1986,0.001592873
Thailand,THA,1987,0.011208254
Thailand,THA,1988,0.03288276
Thailand,THA,1989,0.07351446
Thailand,THA,1990,0.1144755
Thailand,THA,1991,0.22023404
Thailand,THA,1992,0.44009188
Thailand,THA,1993,0.7157927
Thailand,THA,1994,1.2579472
Thailand,THA,1995,2.1839793
Thailand,THA,1996,3.0635998
Thailand,THA,1997,3.6136043
Thailand,THA,1998,3.2017977
Thailand,THA,1999,3.7464793
Thailand,THA,2000,4.85019
Thailand,THA,2001,11.8615
Thailand,THA,2002,27.1524
Thailand,THA,2003,33.3244
Thailand,THA,2004,41.1989
Thailand,THA,2005,46.1397
Thailand,THA,2006,60.2777
Thailand,THA,2007,78.945
Thailand,THA,2008,91.4483
Thailand,THA,2009,96.8163
Thailand,THA,2010,104.589
Thailand,THA,2011,112.233
Thailand,THA,2012,122.432
Thailand,THA,2013,134.367
Thailand,THA,2014,138.281
Thailand,THA,2015,145.933
Thailand,THA,2016,168.881
Thailand,THA,2017,170.784
Thailand,THA,2018,175.266
Thailand,THA,2019,181.222
Thailand,THA,2020,162.328
Thailand,THA,2021,168.485
Thailand,THA,2022,176.223
Thailand,THA,2023,168.643
Togo,TGO,1980,0
Togo,TGO,1981,0
Togo,TGO,1982,0
Togo,TGO,1983,0
Togo,TGO,1984,0
Togo,TGO,1985,0
Togo,TGO,1986,0
Togo,TGO,1987,0
Togo,TGO,1988,0
Togo,TGO,1989,0
Togo,TGO,1990,0
Togo,TGO,1991,0
Togo,TGO,1992,0
Togo,TGO,1993,0
Togo,TGO,1994,0
Togo,TGO,1995,0
Togo,TGO,1996,0
Togo,TGO,1997,0.06521431
Togo,TGO,1998,0.15861948
Togo,TGO,1999,0.34922355
Togo,TGO,2000,0.972756
Togo,TGO,2001,1.80013
Togo,TGO,2002,3.05061
Togo,TGO,2003,4.38771
Togo,TGO,2004,5.83805
Togo,TGO,2005,7.41937
Togo,TGO,2006,11.7791
Togo,TGO,2007,19.2349
Togo,TGO,2008,24.3302
Togo,TGO,2009,33.3849
Togo,TGO,2010,38.652
Togo,TGO,2011,38.9698
Togo,TGO,2012,46.6464
Togo,TGO,2013,58.5139
Togo,TGO,2014,60.4369
Togo,TGO,2015,63.3575
Togo,TGO,2016,70.0588
Togo,TGO,2017,75.3357
Togo,TGO,2018,74.3997
Togo,TGO,2019,73.7225
Togo,TGO,2020,75.164
Togo,TGO,2021,70.4497
Togo,TGO,2022,72.2148
Togo,TGO,2023,75.7907
Tonga,TON,1980,0
Tonga,TON,1981,0
Tonga,TON,1982,0
Tonga,TON,1983,0
Tonga,TON,1984,0
Tonga,TON,1985,0
Tonga,TON,1986,0
Tonga,TON,1987,0
Tonga,TON,1988,0
Tonga,TON,1989,0
Tonga,TON,1990,0
Tonga,TON,1991,0
Tonga,TON,1992,0
Tonga,TON,1993,0
Tonga,TON,1994,0
Tonga,TON,1995,0.300072
Tonga,TON,1996,0.30141225
Tonga,TON,1997,0.11921556
Tonga,TON,1998,0.12827724
Tonga,TON,1999,0.13727912
Tonga,TON,2000,0.175307
Tonga,TON,2001,0.228487
Tonga,TON,2002,3.22891
Tonga,TON,2003,10.7214
Tonga,TON,2004,15.6085
Tonga,TON,2005,28.2689
Tonga,TON,2006,28.2825
Tonga,TON,2007,43.5929
Tonga,TON,2008,47.1613
Tonga,TON,2009,49.4389
Tonga,TON,2010,50.5587
Tonga,TON,2011,51.1295
Tonga,TON,2012,52.1124
Tonga,TON,2013,53.6992
Tonga,TON,2014,63.7845
Tonga,TON,2015,69.2709
Tonga,TON,2016,75.8121
Tonga,TON,2017,102.451
Tonga,TON,2018,102.246
Tonga,TON,2019,58.7722
Tonga,TON,2020,58.6544
Tonga,TON,2021,60.9802
Tonga,TON,2022,61.7258
Trinidad and Tobago,TTO,1980,0
Trinidad and Tobago,TTO,1981,0
Trinidad and Tobago,TTO,1982,0
Trinidad and Tobago,TTO,1983,0
Trinidad and Tobago,TTO,1984,0
Trinidad and Tobago,TTO,1985,0
Trinidad and Tobago,TTO,1986,0
Trinidad and Tobago,TTO,1987,0
Trinidad and Tobago,TTO,1988,0
Trinidad and Tobago,TTO,1989,0
Trinidad and Tobago,TTO,1990,0
Trinidad and Tobago,TTO,1991,0.03337972
Trinidad and Tobago,TTO,1992,0.09933862
Trinidad and Tobago,TTO,1993,0.12975532
Trinidad and Tobago,TTO,1994,0.19970909
Trinidad and Tobago,TTO,1995,0.48576948
Trinidad and Tobago,TTO,1996,0.7258834
Trinidad and Tobago,TTO,1997,1.3002865
Trinidad and Tobago,TTO,1998,1.9890789
Trinidad and Tobago,TTO,1999,2.913127
Trinidad and Tobago,TTO,2000,12.2642
Trinidad and Tobago,TTO,2001,19.3205
Trinidad and Tobago,TTO,2002,19.7275
Trinidad and Tobago,TTO,2003,25.1251
Trinidad and Tobago,TTO,2004,48.4019
Trinidad and Tobago,TTO,2005,68.3489
Trinidad and Tobago,TTO,2006,111.783
Trinidad and Tobago,TTO,2007,110.578
Trinidad and Tobago,TTO,2008,131.633
Trinidad and Tobago,TTO,2009,133.885
Trinidad and Tobago,TTO,2010,136.605
Trinidad and Tobago,TTO,2011,130.912
Trinidad and Tobago,TTO,2012,134.184
Trinidad and Tobago,TTO,2013,137.604
Trinidad and Tobago,TTO,2014,139.365
Trinidad and Tobago,TTO,2015,148.572
Trinidad and Tobago,TTO,2016,150.717
Trinidad and Tobago,TTO,2017,140.503
Trinidad and Tobago,TTO,2018,134.143
Trinidad and Tobago,TTO,2019,145.716
Trinidad and Tobago,TTO,2020,134.231
Trinidad and Tobago,TTO,2021,134.222
Trinidad and Tobago,TTO,2022,133.632
Trinidad and Tobago,TTO,2023,134.231
Tunisia,TUN,1980,0
Tunisia,TUN,1981,0
Tunisia,TUN,1982,0
Tunisia,TUN,1983,0
Tunisia,TUN,1984,0
Tunisia,TUN,1987,0.002844697
Tunisia,TUN,1988,0.004969767
Tunisia,TUN,1989,0.007703119
Tunisia,TUN,1990,0.011291437
Tunisia,TUN,1991,0.014368794
Tunisia,TUN,1992,0.022425344
Tunisia,TUN,1993,0.025275217
Tunisia,TUN,1994,0.029628765
Tunisia,TUN,1995,0.034269046
Tunisia,TUN,1996,0.06892493
Tunisia,TUN,1997,0.08010087
Tunisia,TUN,1998,0.40299064
Tunisia,TUN,1999,0.56454456
Tunisia,TUN,2000,1.22034
Tunisia,TUN,2001,3.94347
Tunisia,TUN,2002,5.75975
Tunisia,TUN,2003,19.0389
Tunisia,TUN,2004,36.7464
Tunisia,TUN,2005,55.3921
Tunisia,TUN,2006,70.9333
Tunisia,TUN,2007,75.1086
Tunisia,TUN,2008,81.5941
Tunisia,TUN,2009,91.985
Tunisia,TUN,2010,103.235
Tunisia,TUN,2011,113.794
Tunisia,TUN,2012,116.66
Tunisia,TUN,2013,114.101
Tunisia,TUN,2014,126.692
Tunisia,TUN,2015,128.009
Tunisia,TUN,2016,123.883
Tunisia,TUN,2017,123.034
Tunisia,TUN,2018,125.533
Tunisia,TUN,2019,124.387
Tunisia,TUN,2020,124.042
Tunisia,TUN,2021,129.846
Tunisia,TUN,2022,131.875
Tunisia,TUN,2023,134.136
Turkey,TUR,1980,0
Turkey,TUR,1981,0
Turkey,TUR,1982,0
Turkey,TUR,1983,0
Turkey,TUR,1984,0
Turkey,TUR,1985,0
Turkey,TUR,1986,0.000726746
Turkey,TUR,1987,0.009953141
Turkey,TUR,1988,0.018834688
Turkey,TUR,1989,0.029276675
Turkey,TUR,1990,0.058554076
Turkey,TUR,1991,0.086455144
Turkey,TUR,1992,0.10904579
Turkey,TUR,1993,0.14693345
Turkey,TUR,1994,0.29973978
Turkey,TUR,1995,0.7370818
Turkey,TUR,1996,1.3373501
Turkey,TUR,1997,2.6270833
Turkey,TUR,1998,5.633038
Turkey,TUR,1999,12.853427
Turkey,TUR,2000,24.659
Turkey,TUR,2001,29.5462
Turkey,TUR,2002,34.7853
Turkey,TUR,2003,41.1128
Turkey,TUR,2004,50.5995
Turkey,TUR,2005,62.901
Turkey,TUR,2006,75.1837
Turkey,TUR,2007,87.5976
Turkey,TUR,2008,91.9815
Turkey,TUR,2009,86.6345
Turkey,TUR,2010,84.2159
Turkey,TUR,2011,88.0167
Turkey,TUR,2012,90.0041
Turkey,TUR,2013,91.1758
Turkey,TUR,2014,92.1219
Turkey,TUR,2015,92.0327
Turkey,TUR,2016,91.9287
Turkey,TUR,2017,93.6408
Turkey,TUR,2018,94.9086
Turkey,TUR,2019,94.6498
Turkey,TUR,2020,95.3961
Turkey,TUR,2021,99.5415
Turkey,TUR,2022,103.721
Turkey,TUR,2023,105.684
Turkmenistan,TKM,1980,0
Turkmenistan,TKM,1981,0
Turkmenistan,TKM,1982,0
Turkmenistan,TKM,1983,0
Turkmenistan,TKM,1984,0
Turkmenistan,TKM,1985,0
Turkmenistan,TKM,1986,0
Turkmenistan,TKM,1987,0
Turkmenistan,TKM,1988,0
Turkmenistan,TKM,1989,0
Turkmenistan,TKM,1990,0
Turkmenistan,TKM,1991,0
Turkmenistan,TKM,1992,0
Turkmenistan,TKM,1993,0
Turkmenistan,TKM,1994,0
Turkmenistan,TKM,1995,0
Turkmenistan,TKM,1996,0
Turkmenistan,TKM,1997,0.0572912
Turkmenistan,TKM,1998,0.06769689
Turkmenistan,TKM,1999,0.08886756
Turkmenistan,TKM,2000,0.16366
Turkmenistan,TKM,2001,0.174808
Turkmenistan,TKM,2002,0.171361
Turkmenistan,TKM,2003,0.188883
Turkmenistan,TKM,2004,1.01047
Turkmenistan,TKM,2005,2.07828
Turkmenistan,TKM,2006,4.2134
Turkmenistan,TKM,2007,7.27816
Turkmenistan,TKM,2008,21.2375
Turkmenistan,TKM,2009,39.1242
Turkmenistan,TKM,2010,57.4662
Turkmenistan,TKM,2011,93.2538
Turkmenistan,TKM,2012,101.574
Turkmenistan,TKM,2013,103.131
Turkmenistan,TKM,2014,118.613
Turkmenistan,TKM,2015,126.163
Turkmenistan,TKM,2016,134.826
Turkmenistan,TKM,2018,87.773
Turkmenistan,TKM,2019,88.2099
Turkmenistan,TKM,2020,88.703
Turkmenistan,TKM,2021,88.1929
Turks and Caicos Islands,TCA,1980,0
Turks and Caicos Islands,TCA,1981,0
Turks and Caicos Islands,TCA,1982,0
Turks and Caicos Islands,TCA,1983,0
Turks and Caicos Islands,TCA,1984,0
Turks and Caicos Islands,TCA,1985,0
Turks and Caicos Islands,TCA,1986,0
Turks and Caicos Islands,TCA,1987,0
Turks and Caicos Islands,TCA,1988,0
Turks and Caicos Islands,TCA,1989,0
Turks and Caicos Islands,TCA,1990,0
Turks and Caicos Islands,TCA,1991,0
Turks and Caicos Islands,TCA,1992,0
Turks and Caicos Islands,TCA,1993,0
Turks and Caicos Islands,TCA,1994,0
Turks and Caicos Islands,TCA,1995,0
Turks and Caicos Islands,TCA,1996,0
Turks and Caicos Islands,TCA,2002,43.9481
Turks and Caicos Islands,TCA,2003,89.1103
Turks and Caicos Islands,TCA,2004,109.752
Tuvalu,TUV,1980,0
Tuvalu,TUV,1981,0
Tuvalu,TUV,1982,0
Tuvalu,TUV,1983,0
Tuvalu,TUV,1984,0
Tuvalu,TUV,1985,0
Tuvalu,TUV,1986,0
Tuvalu,TUV,1987,0
Tuvalu,TUV,1988,0
Tuvalu,TUV,1989,0
Tuvalu,TUV,1990,0
Tuvalu,TUV,1991,0
Tuvalu,TUV,1992,0
Tuvalu,TUV,1993,0
Tuvalu,TUV,1994,0
Tuvalu,TUV,1995,0
Tuvalu,TUV,1996,0
Tuvalu,TUV,1997,0
Tuvalu,TUV,1998,0
Tuvalu,TUV,1999,0
Tuvalu,TUV,2000,0
Tuvalu,TUV,2001,0
Tuvalu,TUV,2002,0
Tuvalu,TUV,2003,0
Tuvalu,TUV,2004,5.09372
Tuvalu,TUV,2005,13.0785
Tuvalu,TUV,2006,15.9109
Tuvalu,TUV,2007,17.6783
Tuvalu,TUV,2009,9.55932
Tuvalu,TUV,2010,15.0744
Tuvalu,TUV,2011,19.7588
Tuvalu,TUV,2012,25.6082
Tuvalu,TUV,2013,30.9063
Tuvalu,TUV,2014,34.5958
Tuvalu,TUV,2015,60.2025
Tuvalu,TUV,2016,69.5334
Tuvalu,TUV,2017,73.6038
Tuvalu,TUV,2018,79.0624
Tuvalu,TUV,2019,85.0581
Tuvalu,TUV,2020,86.5468
Tuvalu,TUV,2021,88.2872
Tuvalu,TUV,2022,98.8591
Uganda,UGA,1980,0
Uganda,UGA,1981,0
Uganda,UGA,1982,0
Uganda,UGA,1983,0
Uganda,UGA,1984,0
Uganda,UGA,1985,0
Uganda,UGA,1986,0
Uganda,UGA,1987,0
Uganda,UGA,1988,0
Uganda,UGA,1989,0
Uganda,UGA,1990,0
Uganda,UGA,1991,0
Uganda,UGA,1992,0
Uganda,UGA,1993,0
Uganda,UGA,1994,0
Uganda,UGA,1995,0.008447436
Uganda,UGA,1996,0.018823909
Uganda,UGA,1997,0.022855122
Uganda,UGA,1998,0.13311055
Uganda,UGA,1999,0.24209546
Uganda,UGA,2000,0.528801
Uganda,UGA,2001,1.14574
Uganda,UGA,2002,1.54041
Uganda,UGA,2003,2.94538
Uganda,UGA,2004,4.29039
Uganda,UGA,2005,4.70367
Uganda,UGA,2006,6.97652
Uganda,UGA,2007,14.1477
Uganda,UGA,2008,28.0124
Uganda,UGA,2009,29.8359
Uganda,UGA,2010,39.6047
Uganda,UGA,2011,50.0591
Uganda,UGA,2012,47.6343
Uganda,UGA,2013,51.1323
Uganda,UGA,2014,55.9572
Uganda,UGA,2015,53.8756
Uganda,UGA,2016,58.8634
Uganda,UGA,2017,62.0968
Uganda,UGA,2018,58.8754
Uganda,UGA,2019,59.0598
Uganda,UGA,2020,62.2824
Uganda,UGA,2021,65.6221
Uganda,UGA,2022,70.1401
Uganda,UGA,2023,76.2967
Ukraine,UKR,1980,0
Ukraine,UKR,1981,0
Ukraine,UKR,1982,0
Ukraine,UKR,1983,0
Ukraine,UKR,1984,0
Ukraine,UKR,1985,0
Ukraine,UKR,1986,0
Ukraine,UKR,1987,0
Ukraine,UKR,1988,0
Ukraine,UKR,1989,0
Ukraine,UKR,1990,0
Ukraine,UKR,1991,0
Ukraine,UKR,1992,0
Ukraine,UKR,1993,0.000126662
Ukraine,UKR,1994,0.00977526
Ukraine,UKR,1995,0.027501844
Ukraine,UKR,1996,0.059309103
Ukraine,UKR,1997,0.113968484
Ukraine,UKR,1998,0.23216742
Ukraine,UKR,1999,0.43936604
Ukraine,UKR,2000,1.67593
Ukraine,UKR,2001,4.59601
Ukraine,UKR,2002,7.6964
Ukraine,UKR,2003,13.6577
Ukraine,UKR,2004,29.0897
Ukraine,UKR,2005,64.0054
Ukraine,UKR,2006,105.277
Ukraine,UKR,2007,119.088
Ukraine,UKR,2008,120.558
Ukraine,UKR,2009,119.456
Ukraine,UKR,2010,117.768
Ukraine,UKR,2011,121.942
Ukraine,UKR,2012,130.859
Ukraine,UKR,2013,138.441
Ukraine,UKR,2014,144.279
Ukraine,UKR,2015,142.003
Ukraine,UKR,2016,133.169
Ukraine,UKR,2017,131.357
Ukraine,UKR,2018,127.754
Ukraine,UKR,2019,130.629
Ukraine,UKR,2020,129.341
Ukraine,UKR,2021,135.026
Ukraine,UKR,2022,120.261
Ukraine,UKR,2023,122.758
United Arab Emirates,ARE,1982,0.1995109
United Arab Emirates,ARE,1983,0.28798324
United Arab Emirates,ARE,1984,0.37727457
United Arab Emirates,ARE,1985,0.574396
United Arab Emirates,ARE,1986,0.7619674
United Arab Emirates,ARE,1987,0.87003756
United Arab Emirates,ARE,1988,0.8209987
United Arab Emirates,ARE,1989,1.3922002
United Arab Emirates,ARE,1990,1.7671227
United Arab Emirates,ARE,1991,2.1414242
United Arab Emirates,ARE,1992,2.3116097
United Arab Emirates,ARE,1993,3.174853
United Arab Emirates,ARE,1994,3.928169
United Arab Emirates,ARE,1995,5.2986293
United Arab Emirates,ARE,1996,7.534161
United Arab Emirates,ARE,1997,11.265831
United Arab Emirates,ARE,1998,16.886547
United Arab Emirates,ARE,1999,26.868444
United Arab Emirates,ARE,2000,40.8783
United Arab Emirates,ARE,2001,51.2759
United Arab Emirates,ARE,2002,61.3641
United Arab Emirates,ARE,2003,70.8971
United Arab Emirates,ARE,2004,83.1597
United Arab Emirates,ARE,2005,97.1993
United Arab Emirates,ARE,2006,110.185
United Arab Emirates,ARE,2007,137.458
United Arab Emirates,ARE,2008,148.473
United Arab Emirates,ARE,2009,159.114
United Arab Emirates,ARE,2010,157.473
United Arab Emirates,ARE,2011,162.894
United Arab Emirates,ARE,2012,183.741
United Arab Emirates,ARE,2013,205.105
United Arab Emirates,ARE,2014,204.192
United Arab Emirates,ARE,2015,206.839
United Arab Emirates,ARE,2016,220.412
United Arab Emirates,ARE,2017,214.701
United Arab Emirates,ARE,2018,214.842
United Arab Emirates,ARE,2019,209.033
United Arab Emirates,ARE,2020,194.468
United Arab Emirates,ARE,2021,186.301
United Arab Emirates,ARE,2022,195.625
United Arab Emirates,ARE,2023,199.424
United Kingdom,GBR,1980,0
United Kingdom,GBR,1981,0
United Kingdom,GBR,1982,0
United Kingdom,GBR,1983,0
United Kingdom,GBR,1984,0
United Kingdom,GBR,1985,0.08827209
United Kingdom,GBR,1986,0.22918834
United Kingdom,GBR,1987,0.51032686
United Kingdom,GBR,1988,0.98327297
United Kingdom,GBR,1989,1.7082456
United Kingdom,GBR,1990,1.947197
United Kingdom,GBR,1991,2.1966736
United Kingdom,GBR,1992,2.6204486
United Kingdom,GBR,1993,3.9342582
United Kingdom,GBR,1994,6.818272
United Kingdom,GBR,1995,9.901172
United Kingdom,GBR,1996,12.480254
United Kingdom,GBR,1997,15.17763
United Kingdom,GBR,1998,25.459322
United Kingdom,GBR,1999,46.362934
United Kingdom,GBR,2000,73.576
United Kingdom,GBR,2001,78.0646
United Kingdom,GBR,2002,82.6795
United Kingdom,GBR,2003,90.6985
United Kingdom,GBR,2004,99.1988
United Kingdom,GBR,2005,108.046
United Kingdom,GBR,2006,114.786
United Kingdom,GBR,2007,119.989
United Kingdom,GBR,2008,120.819
United Kingdom,GBR,2009,122.357
United Kingdom,GBR,2010,121.781
United Kingdom,GBR,2011,121.498
United Kingdom,GBR,2012,122.465
United Kingdom,GBR,2013,122.185
United Kingdom,GBR,2014,120.958
United Kingdom,GBR,2015,121.212
United Kingdom,GBR,2016,119.787
United Kingdom,GBR,2017,119.207
United Kingdom,GBR,2018,118.184
United Kingdom,GBR,2019,120.25
United Kingdom,GBR,2020,117.305
United Kingdom,GBR,2021,117.887
United Kingdom,GBR,2022,119.834
United Kingdom,GBR,2023,122.796
United States,USA,1980,0
United States,USA,1984,0.03935278
United States,USA,1985,0.14468148
United States,USA,1986,0.28706875
United States,USA,1987,0.5131702
United States,USA,1988,0.8541251
United States,USA,1989,1.4324905
United States,USA,1990,2.1295452
United States,USA,1991,3.0041113
United States,USA,1992,4.323597
United States,USA,1993,6.18652
United States,USA,1994,9.202002
United States,USA,1995,12.717606
United States,USA,1996,16.373812
United States,USA,1997,20.305882
United States,USA,1998,25.09084
United States,USA,1999,30.821161
United States,USA,2000,38.8931
United States,USA,2001,45.202
United States,USA,2002,49.3932
United States,USA,2003,55.4096
United States,USA,2004,63.1242
United States,USA,2005,68.8835
United States,USA,2006,76.8586
United States,USA,2007,82.5923
United States,USA,2008,85.6805
United States,USA,2009,89.0461
United States,USA,2010,91.6593
United States,USA,2011,94.683
United States,USA,2012,96.1284
United States,USA,2013,97.0595
United States,USA,2014,99.8396
United States,USA,2015,101.832
United States,USA,2016,102.752
United States,USA,2017,102.381
United States,USA,2018,103.935
United States,USA,2019,105.321
United States,USA,2020,103.855
United States,USA,2021,106.325
United States,USA,2022,108.786
United States,USA,2023,112.411
United States Virgin Islands,VIR,1980,0
United States Virgin Islands,VIR,1981,0
United States Virgin Islands,VIR,1982,0
United States Virgin Islands,VIR,1983,0
United States Virgin Islands,VIR,1984,0
United States Virgin Islands,VIR,1985,0
United States Virgin Islands,VIR,1986,0
United States Virgin Islands,VIR,1987,0
United States Virgin Islands,VIR,1988,0
United States Virgin Islands,VIR,1989,0
United States Virgin Islands,VIR,1990,0
United States Virgin Islands,VIR,1997,15.125018
United States Virgin Islands,VIR,1998,23.393345
United States Virgin Islands,VIR,1999,27.822346
United States Virgin Islands,VIR,2000,32.2346
United States Virgin Islands,VIR,2001,37.7793
United States Virgin Islands,VIR,2002,41.6444
United States Virgin Islands,VIR,2003,45.5764
United States Virgin Islands,VIR,2004,59.5354
United States Virgin Islands,VIR,2005,74.6241
United States Virgin Islands,VIR,2019,89.5125
United States Virgin Islands,VIR,2020,91.2128
United States Virgin Islands,VIR,2021,91.7189
United States Virgin Islands,VIR,2022,91.462
Upper-middle-income countries,OWID_UMC,1980,0
Upper-middle-income countries,OWID_UMC,1981,0
Upper-middle-income countries,OWID_UMC,1982,0
Upper-middle-income countries,OWID_UMC,1983,0
Upper-middle-income countries,OWID_UMC,1984,0.0000928107
Upper-middle-income countries,OWID_UMC,1985,0.00010655506
Upper-middle-income countries,OWID_UMC,1986,0.00084593554
Upper-middle-income countries,OWID_UMC,1987,0.0017844319
Upper-middle-income countries,OWID_UMC,1988,0.0033864968
Upper-middle-income countries,OWID_UMC,1989,0.0064402265
Upper-middle-income countries,OWID_UMC,1990,0.014673756
Upper-middle-income countries,OWID_UMC,1991,0.027898911
Upper-middle-income countries,OWID_UMC,1992,0.054544523
Upper-middle-income countries,OWID_UMC,1993,0.10665984
Upper-middle-income countries,OWID_UMC,1994,0.23103851
Upper-middle-income countries,OWID_UMC,1995,0.45291775
Upper-middle-income countries,OWID_UMC,1996,0.7933733
Upper-middle-income countries,OWID_UMC,1997,1.4362541
Upper-middle-income countries,OWID_UMC,1998,2.3304503
Upper-middle-income countries,OWID_UMC,1999,4.193069
Upper-middle-income countries,OWID_UMC,2015,105.5
Upper-middle-income countries,OWID_UMC,2016,109.5
Upper-middle-income countries,OWID_UMC,2017,114.3
Upper-middle-income countries,OWID_UMC,2018,116
Upper-middle-income countries,OWID_UMC,2019,121
Upper-middle-income countries,OWID_UMC,2020,119.7
Upper-middle-income countries,OWID_UMC,2021,122.9
Upper-middle-income countries,OWID_UMC,2022,124.1
Upper-middle-income countries,OWID_UMC,2023,127.5
Upper-middle-income countries,OWID_UMC,2024,129.9
Upper-middle-income countries,OWID_UMC,2025,132.4
Uruguay,URY,1980,0
Uruguay,URY,1981,0
Uruguay,URY,1982,0
Uruguay,URY,1983,0
Uruguay,URY,1984,0
Uruguay,URY,1985,0
Uruguay,URY,1986,0
Uruguay,URY,1987,0
Uruguay,URY,1988,0
Uruguay,URY,1989,0
Uruguay,URY,1990,0
Uruguay,URY,1991,0
Uruguay,URY,1992,0.054284893
Uruguay,URY,1993,0.1566644
Uruguay,URY,1994,0.21395352
Uruguay,URY,1995,1.2437739
Uruguay,URY,1996,2.436006
Uruguay,URY,1997,3.0580244
Uruguay,URY,1998,4.6385446
Uruguay,URY,1999,9.73268
Uruguay,URY,2000,12.5769
Uruguay,URY,2001,15.8812
Uruguay,URY,2002,15.6618
Uruguay,URY,2003,15.1631
Uruguay,URY,2004,18.2681
Uruguay,URY,2005,35.1492
Uruguay,URY,2006,70.8316
Uruguay,URY,2007,91.174
Uruguay,URY,2008,106.227
Uruguay,URY,2009,124.213
Uruguay,URY,2010,133.707
Uruguay,URY,2011,143.002
Uruguay,URY,2012,149.771
Uruguay,URY,2013,157.471
Uruguay,URY,2014,163.783
Uruguay,URY,2015,153.368
Uruguay,URY,2016,151.415
Uruguay,URY,2017,150.44
Uruguay,URY,2018,131.363
Uruguay,URY,2019,133.237
Uruguay,URY,2020,133.902
Uruguay,URY,2021,138.113
Uruguay,URY,2022,139.829
Uruguay,URY,2023,141.719
Uzbekistan,UZB,1980,0
Uzbekistan,UZB,1981,0
Uzbekistan,UZB,1982,0
Uzbekistan,UZB,1983,0
Uzbekistan,UZB,1984,0
Uzbekistan,UZB,1985,0
Uzbekistan,UZB,1986,0
Uzbekistan,UZB,1987,0
Uzbekistan,UZB,1988,0
Uzbekistan,UZB,1989,0
Uzbekistan,UZB,1990,0
Uzbekistan,UZB,1991,0
Uzbekistan,UZB,1992,0
Uzbekistan,UZB,1993,0.002263886
Uzbekistan,UZB,1994,0.003997388
Uzbekistan,UZB,1995,0.016203277
Uzbekistan,UZB,1996,0.04052685
Uzbekistan,UZB,1997,0.072169
Uzbekistan,UZB,1998,0.110591784
Uzbekistan,UZB,1999,0.16416486
Uzbekistan,UZB,2000,0.214338
Uzbekistan,UZB,2001,0.510205
Uzbekistan,UZB,2002,0.735827
Uzbekistan,UZB,2003,1.24776
Uzbekistan,UZB,2004,2.09033
Uzbekistan,UZB,2005,2.73172
Uzbekistan,UZB,2006,9.47736
Uzbekistan,UZB,2007,21.0203
Uzbekistan,UZB,2008,45.0095
Uzbekistan,UZB,2009,58.7627
Uzbekistan,UZB,2010,73.8123
Uzbekistan,UZB,2011,88.2685
Uzbekistan,UZB,2012,69.2849
Uzbekistan,UZB,2013,72.332
Uzbekistan,UZB,2014,71.5985
Uzbekistan,UZB,2015,70.8415
Uzbekistan,UZB,2016,74.367
Uzbekistan,UZB,2017,76.2605
Uzbekistan,UZB,2018,71.7444
Uzbekistan,UZB,2019,101.26
Uzbekistan,UZB,2020,99.4064
Uzbekistan,UZB,2021,102.41
Uzbekistan,UZB,2022,105.472
Uzbekistan,UZB,2023,106.885
Vanuatu,VUT,1980,0
Vanuatu,VUT,1981,0
Vanuatu,VUT,1982,0
Vanuatu,VUT,1983,0
Vanuatu,VUT,1984,0
Vanuatu,VUT,1985,0
Vanuatu,VUT,1986,0
Vanuatu,VUT,1987,0
Vanuatu,VUT,1988,0
Vanuatu,VUT,1989,0
Vanuatu,VUT,1990,0
Vanuatu,VUT,1991,0
Vanuatu,VUT,1992,0
Vanuatu,VUT,1993,0
Vanuatu,VUT,1994,0.038424592
Vanuatu,VUT,1995,0.07092115
Vanuatu,VUT,1996,0.08814406
Vanuatu,VUT,1997,0.11572586
Vanuatu,VUT,1998,0.120160796
Vanuatu,VUT,1999,0.16005805
Vanuatu,VUT,2000,0.195941
Vanuatu,VUT,2001,0.183216
Vanuatu,VUT,2002,2.50175
Vanuatu,VUT,2003,3.88551
Vanuatu,VUT,2004,5.10619
Vanuatu,VUT,2005,6.02202
Vanuatu,VUT,2006,6.94692
Vanuatu,VUT,2007,11.75
Vanuatu,VUT,2008,15.8663
Vanuatu,VUT,2009,56.5812
Vanuatu,VUT,2010,71.3269
Vanuatu,VUT,2011,56.2508
Vanuatu,VUT,2012,58.6959
Vanuatu,VUT,2013,50.0012
Vanuatu,VUT,2014,59.9643
Vanuatu,VUT,2015,65.6961
Vanuatu,VUT,2016,80.3431
Vanuatu,VUT,2017,81.8708
Vanuatu,VUT,2018,88.1403
Vanuatu,VUT,2019,90.8331
Vanuatu,VUT,2020,82.391
Vanuatu,VUT,2021,81.6914
Vanuatu,VUT,2022,81.6203
Vanuatu,VUT,2023,89.2943
Venezuela,VEN,1980,0
Venezuela,VEN,1981,0
Venezuela,VEN,1982,0
Venezuela,VEN,1983,0
Venezuela,VEN,1984,0
Venezuela,VEN,1985,0
Venezuela,VEN,1986,0
Venezuela,VEN,1987,0
Venezuela,VEN,1988,0.009574076
Venezuela,VEN,1989,0.019117739
Venezuela,VEN,1990,0.037578646
Venezuela,VEN,1991,0.082071714
Venezuela,VEN,1992,0.37950847
Venezuela,VEN,1993,0.8624558
Venezuela,VEN,1994,1.4740653
Venezuela,VEN,1995,1.8265471
Venezuela,VEN,1996,2.577074
Venezuela,VEN,1997,4.6528363
Venezuela,VEN,1998,8.550768
Venezuela,VEN,1999,15.791469
Venezuela,VEN,2000,22.2091
Venezuela,VEN,2001,25.9111
Venezuela,VEN,2002,25.7194
Venezuela,VEN,2003,27.093
Venezuela,VEN,2004,31.9693
Venezuela,VEN,2005,46.6505
Venezuela,VEN,2006,69.0163
Venezuela,VEN,2007,86.1507
Venezuela,VEN,2008,97.7211
Venezuela,VEN,2009,98.8933
Venezuela,VEN,2010,96.762
Venezuela,VEN,2011,98.6184
Venezuela,VEN,2012,103.435
Venezuela,VEN,2013,103.289
Venezuela,VEN,2014,100.905
Venezuela,VEN,2015,95.1578
Venezuela,VEN,2016,89.7131
Venezuela,VEN,2017,80.1355
Venezuela,VEN,2018,69.55
Venezuela,VEN,2019,63.8474
Venezuela,VEN,2020,58.1626
Venezuela,VEN,2021,60.2345
Venezuela,VEN,2022,66.4668
Venezuela,VEN,2023,70.2197
Vietnam,VNM,1980,0
Vietnam,VNM,1981,0
Vietnam,VNM,1982,0
Vietnam,VNM,1983,0
Vietnam,VNM,1984,0
Vietnam,VNM,1985,0
Vietnam,VNM,1986,0
Vietnam,VNM,1987,0
Vietnam,VNM,1988,0
Vietnam,VNM,1989,0
Vietnam,VNM,1990,0
Vietnam,VNM,1991,0
Vietnam,VNM,1992,0.001146317
Vietnam,VNM,1993,0.005704137
Vietnam,VNM,1994,0.01724112
Vietnam,VNM,1995,0.03186047
Vietnam,VNM,1996,0.091945656
Vietnam,VNM,1997,0.21096496
Vietnam,VNM,1998,0.2887392
Vietnam,VNM,1999,0.42070583
Vietnam,VNM,2000,1.02206
Vietnam,VNM,2001,1.60473
Vietnam,VNM,2002,2.41505
Vietnam,VNM,2003,3.44629
Vietnam,VNM,2004,6.17384
Vietnam,VNM,2005,11.8306
Vietnam,VNM,2006,22.9925
Vietnam,VNM,2007,53.835
Vietnam,VNM,2008,87.9033
Vietnam,VNM,2009,113.606
Vietnam,VNM,2010,127.574
Vietnam,VNM,2011,143.914
Vietnam,VNM,2012,147.104
Vietnam,VNM,2013,136.614
Vietnam,VNM,2014,148.504
Vietnam,VNM,2015,129.627
Vietnam,VNM,2016,128.298
Vietnam,VNM,2017,126.098
Vietnam,VNM,2018,146.138
Vietnam,VNM,2019,140.193
Vietnam,VNM,2020,141.656
Vietnam,VNM,2021,136.806
Vietnam,VNM,2022,137.852
Vietnam,VNM,2023,130.991
World,OWID_WRL,1980,0.00053235854
World,OWID_WRL,1981,0.0014908091
World,OWID_WRL,1982,0.0023355952
World,OWID_WRL,1983,0.0033919048
World,OWID_WRL,1984,0.0068745855
World,OWID_WRL,1985,0.015903398
World,OWID_WRL,1986,0.029605433
World,OWID_WRL,1987,0.05098624
World,OWID_WRL,1988,0.08511321
World,OWID_WRL,1989,0.14208968
World,OWID_WRL,1990,0.21159427
World,OWID_WRL,1991,0.30229914
World,OWID_WRL,1992,0.4277416
World,OWID_WRL,1993,0.6191753
World,OWID_WRL,1994,0.991495
World,OWID_WRL,1995,1.5862496
World,OWID_WRL,1996,2.4996634
World,OWID_WRL,1997,3.6552563
World,OWID_WRL,1998,5.333583
World,OWID_WRL,1999,8.123129
World,OWID_WRL,2005,33.9
World,OWID_WRL,2006,41.7
World,OWID_WRL,2007,50.6
World,OWID_WRL,2008,59.7
World,OWID_WRL,2009,68
World,OWID_WRL,2010,76.6
World,OWID_WRL,2011,84.2
World,OWID_WRL,2012,88.5
World,OWID_WRL,2013,93.1
World,OWID_WRL,2014,96.7
World,OWID_WRL,2015,96.1
World,OWID_WRL,2016,99.3
World,OWID_WRL,2017,101.4
World,OWID_WRL,2018,103.1
World,OWID_WRL,2019,105.9
World,OWID_WRL,2020,104.8
World,OWID_WRL,2021,106.7
World,OWID_WRL,2022,108
World,OWID_WRL,2023,109.8
World,OWID_WRL,2024,110.4
World,OWID_WRL,2025,111.5
Yemen,YEM,1980,0
Yemen,YEM,1981,0
Yemen,YEM,1982,0
Yemen,YEM,1983,0
Yemen,YEM,1984,0
Yemen,YEM,1985,0
Yemen,YEM,1986,0
Yemen,YEM,1987,0
Yemen,YEM,1988,0
Yemen,YEM,1989,0
Yemen,YEM,1990,0
Yemen,YEM,1991,0
Yemen,YEM,1992,0.010738704
Yemen,YEM,1993,0.034494154
Yemen,YEM,1994,0.052664503
Yemen,YEM,1995,0.05123161
Yemen,YEM,1996,0.053026527
Yemen,YEM,1997,0.07157185
Yemen,YEM,1998,0.091696255
Yemen,YEM,1999,0.15278876
Yemen,YEM,2000,0.163278
Yemen,YEM,2001,0.73092
Yemen,YEM,2002,2.33581
Yemen,YEM,2003,3.14667
Yemen,YEM,2004,6.68019
Yemen,YEM,2005,9.99364
Yemen,YEM,2006,12.6482
Yemen,YEM,2007,17.8838
Yemen,YEM,2008,25.6651
Yemen,YEM,2009,32.0622
Yemen,YEM,2010,41.4325
Yemen,YEM,2011,42.3016
Yemen,YEM,2012,48.8857
Yemen,YEM,2013,57.465
Yemen,YEM,2014,56.5732
Yemen,YEM,2015,48.2101
Yemen,YEM,2016,51.179
Yemen,YEM,2017,46.4111
Yemen,YEM,2018,44.8811
Yemen,YEM,2019,43.399
Yemen,YEM,2020,42.0038
Yemen,YEM,2021,47.809
Yemen,YEM,2022,46.4534
Yemen,YEM,2023,50.8938
Zambia,ZMB,1980,0
Zambia,ZMB,1981,0
Zambia,ZMB,1982,0
Zambia,ZMB,1983,0
Zambia,ZMB,1984,0
Zambia,ZMB,1985,0
Zambia,ZMB,1986,0
Zambia,ZMB,1987,0
Zambia,ZMB,1988,0
Zambia,ZMB,1989,0
Zambia,ZMB,1990,0
Zambia,ZMB,1991,0
Zambia,ZMB,1992,0
Zambia,ZMB,1993,0
Zambia,ZMB,1994,0
Zambia,ZMB,1995,0.017814096
Zambia,ZMB,1996,0.0305661
Zambia,ZMB,1997,0.049818486
Zambia,ZMB,1998,0.088130824
Zambia,ZMB,1999,0.29299763
Zambia,ZMB,2000,0.98679
Zambia,ZMB,2001,1.17383
Zambia,ZMB,2002,1.30628
Zambia,ZMB,2003,2.19418
Zambia,ZMB,2004,4.09548
Zambia,ZMB,2005,8.10286
Zambia,ZMB,2006,13.713
Zambia,ZMB,2007,21.0029
Zambia,ZMB,2008,27.1785
Zambia,ZMB,2009,32.6653
Zambia,ZMB,2010,39.0029
Zambia,ZMB,2011,56.5499
Zambia,ZMB,2012,70.5709
Zambia,ZMB,2013,67.5096
Zambia,ZMB,2014,63.6343
Zambia,ZMB,2015,70.4778
Zambia,ZMB,2016,71.0461
Zambia,ZMB,2017,77.05
Zambia,ZMB,2018,86.0723
Zambia,ZMB,2019,93.0148
Zambia,ZMB,2020,100.235
Zambia,ZMB,2021,103.283
Zambia,ZMB,2022,98.4373
Zambia,ZMB,2023,102.062
Zimbabwe,ZWE,1980,0
Zimbabwe,ZWE,1981,0
Zimbabwe,ZWE,1982,0
Zimbabwe,ZWE,1983,0
Zimbabwe,ZWE,1984,0
Zimbabwe,ZWE,1985,0
Zimbabwe,ZWE,1986,0
Zimbabwe,ZWE,1987,0
Zimbabwe,ZWE,1988,0
Zimbabwe,ZWE,1989,0
Zimbabwe,ZWE,1990,0
Zimbabwe,ZWE,1991,0
Zimbabwe,ZWE,1992,0
Zimbabwe,ZWE,1993,0
Zimbabwe,ZWE,1994,0
Zimbabwe,ZWE,1995,0
Zimbabwe,ZWE,1996,0
Zimbabwe,ZWE,1997,0.050464682
Zimbabwe,ZWE,1998,0.16452546
Zimbabwe,ZWE,1999,1.485091
Zimbabwe,ZWE,2000,2.2405
Zimbabwe,ZWE,2001,2.62282
Zimbabwe,ZWE,2002,2.80269
Zimbabwe,ZWE,2003,2.97287
Zimbabwe,ZWE,2004,3.4429
Zimbabwe,ZWE,2005,5.18375
Zimbabwe,ZWE,2006,6.71982
Zimbabwe,ZWE,2007,9.57239
Zimbabwe,ZWE,2008,12.7687
Zimbabwe,ZWE,2009,30.3665
Zimbabwe,ZWE,2010,57.6496
Zimbabwe,ZWE,2011,67.6698
Zimbabwe,ZWE,2012,91.287
Zimbabwe,ZWE,2013,97.2838
Zimbabwe,ZWE,2014,83.0461
Zimbabwe,ZWE,2015,88.5992
Zimbabwe,ZWE,2016,88.21
Zimbabwe,ZWE,2017,95.1367
Zimbabwe,ZWE,2018,85.8627
Zimbabwe,ZWE,2019,86.4094
Zimbabwe,ZWE,2020,84.9604
Zimbabwe,ZWE,2021,90.2538
Zimbabwe,ZWE,2022,88.9958
Zimbabwe,ZWE,2023,91.6344